feature,label,rho,p,auc,n
fit_score,fit hole,-0.07733122688269095,0.4637464383196399,0.4186761229314421,92
crowding_score,crowding,-0.0696112543332786,0.5096651649316394,0.4151300236406619,92
decoy_sim_max,max decoy redundancy,0.004723978623524829,0.9643531824054611,0.5527186761229315,92
blocker_mpg,blocker mpg,0.023110738622993104,0.8269080677725734,0.44964539007092197,92
redundancy,network redundancy,0.004723978623524829,0.9643531824054611,0.5527186761229315,92
n_dest_inc,# dest incumbents,-0.013758415993179684,0.8964335865055939,0.4851063829787234,92
partner_avail,partner avail (arrival),-0.13432128451555916,0.20176370949653336,0.42836879432624114,92
partner_avail_prev,partner avail (prior),-0.12645686732626454,0.25462597897284084,0.43089430894308944,83
menu_sim,generic menu sim,0.020521949550483882,0.8460437639210634,0.5423167848699764,92
P_n_shap,# shapers prior,-0.11714327327490913,0.2661080223566094,0.43049645390070923,92
P_has_shap,any shaper prior,0.023822332797004523,0.8216652978867852,0.5144208037825059,92
P_shap_mpg_sum,shaper mpg sum prior,-0.09109119934560257,0.3878256219220782,0.4460992907801418,92
P_shap_mpg_max,top shaper mpg prior,0.05045381568977003,0.6329180682744687,0.5033096926713948,92
P_shap_mpg_share,shaper mpg share prior,-0.04652090860461459,0.6762218369370546,0.4639953542392567,83
P_share_shap,shaper roster share prior,-0.05061769208682679,0.6495071343457954,0.4529616724738676,83
P_n_org,# organizers prior,0.031373573189189534,0.7665555365119989,0.5274231678486998,92
P_has_org,any organizer prior,-0.04865546388386677,0.6451007443307192,0.4806146572104019,92
P_org_load_max,top org load prior,0.10029772056257862,0.34146732420958353,0.5290780141843971,92
P_org_usg_max,top org usg prior,0.023976530579291014,0.8205302472612223,0.5278959810874705,92
P_org_mpg_sum,org mpg sum prior,0.023722859550210827,0.8223977159177154,0.5200945626477541,92
P_share_org,organizer roster share prior,0.11151575159327268,0.3155309580896802,0.5499419279907085,83
P_n_term,# terminals prior,-0.060213526087430955,0.5685630972826107,0.4879432624113475,92
P_share_term,terminal roster share prior,0.03517284076773855,0.7522470450476463,0.5328106852497096,83
P_n_role,# role occupants prior,-0.1781757323540506,0.0892700512002893,0.4293144208037825,92
P_max_usg,star max usg prior,0.09864363869102807,0.3749585099510453,0.5722996515679443,83
P_max_ppg,star max ppg prior,-0.01399644178065832,0.9000596831971334,0.5220673635307782,83
P_top2_usg,top2 usg prior,0.04684941186828876,0.6740643292388715,0.5490708478513356,83
P_has_star28,has usg>=28% prior,-0.008378894098701739,0.9400723042310025,0.5092915214866435,83
P_has_star30,has usg>=30% prior,0.09712220610530946,0.38240483422063304,0.554006968641115,83
P_star_mpg,star mpg prior,-0.060319986836898654,0.5880246861422862,0.4637049941927991,83
P_star_ast,star ast% prior,-0.0873880386473846,0.43211744921010675,0.4817073170731707,83
P_star_touches,star touches prior,-0.13021752290227015,0.24065538877520878,0.43176538908246226,83
P_usg_hhi,usage HHI prior,-0.022642222706106063,0.8389958209374632,0.4994192799070848,83
P_top2_usg_share,top2 usg share prior,0.07301775667300593,0.5118167998640345,0.5412311265969802,83
P_usg_gini,usage gini prior,0.14093392770152066,0.2037817691764071,0.5609756097560976,83
P_top5_ppg,top5 ppg sum prior,0.06707886872984456,0.5468221909904003,0.5252613240418118,83
P_team_mean_net,mean net rating prior,0.11015646039771769,0.32150283623322184,0.5389082462253194,83
P_team_max_net,max net rating prior,0.24086956732459722,0.028267672973808684,0.6289198606271778,83
P_max_load,max load prior,0.11780883886445451,0.2888210659126862,0.5760743321718932,83
P_top3_load,top3 load prior,0.07357410243259037,0.5085973730787059,0.5487804878048781,83
P_load_gini,load gini prior,0.13531798465665892,0.22256783654636328,0.5691056910569106,83
P_menu_TRANSITION,menu TRANSITION prior,-0.06788467975910427,0.5420051782581642,0.44947735191637633,83
P_menu_PNR,menu PNR prior,0.14837636437218787,0.1806697410836445,0.5603948896631823,83
P_menu_DRIVE,menu DRIVE prior,-0.05708317435132349,0.6082424860246896,0.45876887340301975,83
P_menu_POST_UP,menu POST_UP prior,0.004345795178640663,0.968896915515047,0.5174216027874564,83
P_menu_SPOT_UP,menu SPOT_UP prior,0.03842984577053978,0.7301467493680652,0.5586527293844367,83
P_menu_CUT,menu CUT prior,0.025623396210294344,0.8181401742247549,0.502903600464576,83
P_menu_PUTBACK,menu PUTBACK prior,0.09710857777199221,0.38247193459705237,0.5185830429732868,83
P_menu_PULL_UP,menu PULL_UP prior,0.04942029879478319,0.6572714717756444,0.5290360046457607,83
P_menu_sim_origin,origin vs dest menu sim prior,-0.3335904662598821,0.0020571513381498208,0.3507549361207898,83
P_prof_sim_mean,mean profile match to incumbents,-0.25857065651233957,0.018262363536214205,0.3867595818815331,83
P_prof_sim_max,best profile match to incumbents,-0.046388858293807726,0.677089839351002,0.4651567944250871,83
A_n_shap,# shapers arrival,-0.03137326072931526,0.7665577950696373,0.48652482269503544,92
A_shap_mpg_share,shaper mpg share arrival,-0.04607549600858631,0.6627425000978995,0.4732860520094563,92
A_n_org,# organizers arrival,0.010932807790083356,0.9176192302048074,0.5170212765957447,92
A_max_usg,star max usg arrival,0.10196931110337765,0.3334407207513979,0.5624113475177305,92
A_usg_hhi,usage HHI arrival,-0.011684548133350686,0.9119766465414509,0.5118203309692672,92
A_menu_SPOT_UP,menu spot-up arrival,-0.014865505325904398,0.8881518542685417,0.5035460992907801,92
A_menu_sim_origin,origin vs menu sim arrival,-0.2347116100109229,0.024318961007592874,0.39148936170212767,92
A_prof_sim_mean,mean profile match arrival,-0.17835523860172697,0.08894284557179308,0.43546099290780144,92
A_team_mean_net,mean net arrival,-0.054684610162350336,0.6046449313694922,0.5033096926713948,92
A_top5_ppg,top5 ppg arrival,0.007457279722442289,0.9437553410094854,0.5144208037825059,92
A_has_star30,has usg>=30% arrival,0.1317967994453883,0.21044699729768368,0.5543735224586288,92
