t_id,t_name,t_ts,t_usage,t_L,t_DA,t_Dpi,c_id,c_name,c_ts,c_usage,c_L,c_DA,c_Dpi,c_role,du,same_ts,d_DA,d_Dpi
1629011,Mitchell Robinson,NYK 2022-23,0.101,0.0447261003765055,0.1443141079844883,0.05462826458892994,1628392,Isaiah Hartenstein,NYK 2022-23,0.107,0.002115324346037,0.3989180013200947,0.035831737404972114,ROLE OCCUPANT / SPECIALIST,0.0059999999999999915,1,-0.2546038933356064,0.01879652718395783
1626172,Kevon Looney,GSW 2022-23,0.104,0.1340584992271262,0.20160004964057565,0.033175894324426705,203110,Draymond Green,GSW 2022-23,0.129,0.0073675275108021,0.1204591276527418,0.05788248287545035,ROLE OCCUPANT / SPECIALIST,0.02500000000000001,1,0.08114092198783385,-0.024706588551023645
203486,Mason Plumlee,PHX 2024-25,0.105,0.0331028775488239,0.035756773649394225,0.03200595133905129,1642345,Oso Ighodaro,PHX 2024-25,0.103,0.0045060006538355,0.09027023568278669,0.049135950908674515,ROLE OCCUPANT / SPECIALIST,0.0020000000000000018,1,-0.05451346203339247,-0.017129999569623224
1631216,Caleb Houstan,ORL 2022-23,0.107,0.0201950984330292,0.2577352985878445,0.04299628310864766,203914,Gary Harris,ORL 2022-23,0.125,0.0095641372781234,0.19419629649730152,0.03297185396416282,ROLE OCCUPANT / SPECIALIST,0.018000000000000002,1,0.06353900209054297,0.010024429144484835
1628436,Luke Kornet,BOS 2023-24,0.107,0.0878452754763997,0.22933506157636196,0.06567020726309716,201143,Al Horford,BOS 2023-24,0.119,0.0061711970684836,0.1247365357888921,0.04539466168943676,ROLE OCCUPANT / SPECIALIST,0.011999999999999997,1,0.10459852578746986,0.020275545573660403
1628436,Luke Kornet,BOS 2024-25,0.111,0.0201940786143123,0.037450952077236255,0.05669925269377823,201143,Al Horford,BOS 2024-25,0.136,0.0063981260943635,0.13098174725847866,0.04119820439259942,ROLE OCCUPANT / SPECIALIST,0.02500000000000001,1,-0.09353079518124241,0.015501048301178807
1630231,KJ Martin,UTA 2024-25,0.112,0.0131002155662782,0.1802255894294874,0.03687882719843384,1642262,Cody Williams,UTA 2024-25,0.122,0.0035663404719694,0.021210912583688124,0.022623951645664775,ROLE OCCUPANT / SPECIALIST,0.009999999999999995,1,0.15901467684579929,0.014254875552769067
1629162,Jordan McLaughlin,MIN 2022-23,0.112,0.0331208773754656,0.1897981675269963,0.04378832692600865,203085,Austin Rivers,MIN 2022-23,0.104,0.0092700830958573,0.13551180326580514,0.02957521189787207,ROLE OCCUPANT / SPECIALIST,0.008000000000000007,1,0.054286364261191156,0.014213115028136578
1629057,Robert Williams III,BOS 2022-23,0.113,0.0159152369930698,0.12352388143138848,0.05667607589043488,201143,Al Horford,BOS 2022-23,0.119,0.0127659351344413,0.04171775205206296,0.04941766508776818,ROLE OCCUPANT / SPECIALIST,0.0059999999999999915,1,0.08180612937932552,0.007258410802666697
1628392,Isaiah Hartenstein,NYK 2023-24,0.116,0.0468282906051973,0.21114262553165097,0.04135703397641273,1628404,Josh Hart,NYK 2023-24,0.133,0.0032614277770532,0.07875427881989405,0.047410300267576026,ROLE OCCUPANT / SPECIALIST,0.017,1,0.13238834671175692,-0.0060532662911632965
1626204,Larry Nance Jr.,NOP 2022-23,0.118,0.0159818435165504,0.1084679452415086,0.0522115000269535,1630700,Dyson Daniels,NOP 2022-23,0.113,0.0050732219265683,0.042664260266066956,0.053452415250168056,ROLE OCCUPANT / SPECIALIST,0.0049999999999999906,1,0.06580368497544165,-0.0012409152232145532
1629637,Jaxson Hayes,LAL 2024-25,0.12,0.10667139030881,0.15061611121165575,0.039228113416077376,1627827,Dorian Finney-Smith,LAL 2024-25,0.123,0.0058152571858312,0.015477613624036879,0.06240080629332536,ROLE OCCUPANT / SPECIALIST,0.0030000000000000027,1,0.13513849758761887,-0.023172692877247984
1629234,Drew Eubanks,POR 2022-23,0.122,0.0678085015995417,0.19009537015115396,0.03841457307895101,1629680,Matisse Thybulle,POR 2022-23,0.102,0.0022586621782191,0.057232440762461145,0.041670129894270866,ROLE OCCUPANT / SPECIALIST,0.020000000000000004,1,0.13286292938869282,-0.003255556815319853
204060,Joe Ingles,MIL 2022-23,0.122,0.0126261559532295,0.11934806169213685,0.03592078859890755,202083,Wesley Matthews,MIL 2022-23,0.095,0.0088403515082646,0.08005563832818952,0.04990601399356023,ROLE OCCUPANT / SPECIALIST,0.026999999999999996,1,0.03929242336394734,-0.013985225394652682
203939,Dwight Powell,DAL 2022-23,0.123,0.1463174827841737,0.26933864825160814,0.050707988156930534,203200,Justin Holiday,DAL 2022-23,0.132,0.0043162102377637,0.2193306000438553,0.048180314309346564,ROLE OCCUPANT / SPECIALIST,0.009000000000000008,1,0.05000804820775284,0.0025276738475839694
203484,Kentavious Caldwell-Pope,DEN 2023-24,0.126,0.0783233073139474,0.31356572613503597,0.1752488675644487,1631128,Christian Braun,DEN 2023-24,0.152,0.0107964044233369,0.15209958725074257,0.07736635407977928,ROLE OCCUPANT / SPECIALIST,0.025999999999999995,1,0.1614661388842934,0.09788251348466943
1631117,Walker Kessler,UTA 2023-24,0.127,0.2391867716151694,0.6279902873320811,0.03547948816190996,1627739,Kris Dunn,UTA 2023-24,0.132,0.0053138727187134,0.10680245616979389,0.05193752885536819,ROLE OCCUPANT / SPECIALIST,0.0050000000000000044,1,0.5211878311622872,-0.01645804069345823
1628470,Torrey Craig,PHX 2022-23,0.128,0.022309210199049,0.09897879409251598,0.06329436512067335,1630688,Ish Wainright,PHX 2022-23,0.117,0.0049678543454373,0.03674210963470881,0.03732004062010591,ROLE OCCUPANT / SPECIALIST,0.010999999999999996,1,0.06223668445780717,0.02597432450056744
203497,Rudy Gobert,MIN 2024-25,0.129,0.5108862830941341,0.5842508887749717,0.08999803383378815,201144,Mike Conley,MIN 2024-25,0.141,0.0009622855414848,0.016271756201025278,0.04021579500864015,ROLE OCCUPANT / SPECIALIST,0.011999999999999983,1,0.5679791325739464,0.049782238825148005
1629234,Drew Eubanks,PHX 2023-24,0.129,0.0723371474336652,0.2219224093563903,0.07892732690715394,1629006,Josh Okogie,PHX 2023-24,0.125,0.0056185983570853,0.07247671233420383,0.03476904453212277,ROLE OCCUPANT / SPECIALIST,0.0040000000000000036,1,0.14944569702218646,0.04415828237503117
1631117,Walker Kessler,UTA 2022-23,0.13,0.0559800912101506,0.17476717867599623,0.059871737621098244,1630534,Ochai Agbaji,UTA 2022-23,0.154,0.002179108884367,0.03913566794920931,0.041342492415207766,ROLE OCCUPANT / SPECIALIST,0.023999999999999994,1,0.13563151072678692,0.018529245205890478
1641712,Rayan Rupert,POR 2023-24,0.131,0.0135380708691981,0.12422811018429847,0.04610356598155277,1629680,Matisse Thybulle,POR 2023-24,0.105,0.0112809774349011,0.040868962141280885,0.027078104771063483,ROLE OCCUPANT / SPECIALIST,0.02600000000000001,1,0.08335914804301758,0.019025461210489286
1630208,Nick Richards,CHA 2023-24,0.131,0.0658941908592143,0.0780456873493165,0.06246943348059867,202397,Ish Smith,CHA 2023-24,0.119,0.0044741507904766,0.12183895881482809,0.03740234657226723,ROLE OCCUPANT / SPECIALIST,0.01200000000000001,1,-0.043793271465511596,0.02506708690833144
1631119,Jaylin Williams,OKC 2022-23,0.133,0.1136958515594601,0.15500436436620568,0.03412666243624582,1630526,Jeremiah Robinson-Earl,OKC 2022-23,0.143,0.0082903530641433,0.1289346839334422,0.024225007728844054,ROLE OCCUPANT / SPECIALIST,0.009999999999999981,1,0.026069680432763476,0.009901654707401765
1626192,Pat Connaughton,MIL 2022-23,0.133,0.0412583193142039,0.24452379605175734,0.0233619185890288,1629652,Luguentz Dort,OKC 2024-25,0.133,0.0067573496824574,0.0758761141938944,0.03655408098357585,ROLE OCCUPANT / SPECIALIST,0.0,0,0.16864768185786294,-0.013192162394547048
201599,DeAndre Jordan,DEN 2022-23,0.134,0.0134834521860741,0.18505157897786884,0.1013221416676479,1631128,Christian Braun,DEN 2022-23,0.127,0.0100967030805079,0.13195848579061498,0.08317228406514121,ROLE OCCUPANT / SPECIALIST,0.007000000000000006,1,0.05309309318725386,0.01814985760250669
1641739,Toumani Camara,POR 2023-24,0.134,0.0294745447017948,0.11178793032583245,0.022727272727272742,1627752,Taurean Prince,LAL 2023-24,0.134,0.0051986157458624,0.036264369936663265,0.02462105457035116,ROLE OCCUPANT / SPECIALIST,0.0,0,0.07552356038916919,-0.0018937818430784167
1630168,Onyeka Okongwu,ATL 2023-24,0.134,0.0260755087341916,0.16061386321983395,0.04683026240960968,1629726,Garrison Mathews,ATL 2023-24,0.11,0.0015656296966758,0.040709209037976146,0.038372133559543845,ROLE OCCUPANT / SPECIALIST,0.024000000000000007,1,0.1199046541818578,0.008458128850065832
1629026,Kenrich Williams,OKC 2022-23,0.134,0.013066971317636,0.3113649919525535,0.024859073062665885,1630598,Aaron Wiggins,OKC 2022-23,0.143,0.0049446831952334,0.05039450295815784,0.02419738296680924,ROLE OCCUPANT / SPECIALIST,0.00899999999999998,1,0.2609704889943957,0.000661690095856645
1642270,Donovan Clingan,POR 2024-25,0.135,0.0213141237739009,0.2818258834668711,0.059159082646450575,1631200,Kris Murray,POR 2024-25,0.133,0.001728617910749,0.04900188370353087,0.04407234299264087,ROLE OCCUPANT / SPECIALIST,0.0020000000000000018,1,0.23282399976334023,0.015086739653809703
1641737,Adem Bona,PHI 2024-25,0.135,0.0943321994609134,0.29590363282957133,0.07584836162922745,201569,Eric Gordon,PHI 2024-25,0.14,0.0096301511794169,0.15042051371081266,0.03740436669902947,ROLE OCCUPANT / SPECIALIST,0.0050000000000000044,1,0.14548311911875866,0.03844399493019798
1631200,Kris Murray,POR 2023-24,0.136,0.0204300133619883,0.061693978729373655,0.015384326780086489,1626220,Royce O'Neale,BKN 2022-23,0.136,0.0180531925008067,0.02458842058663302,0.04458351194055833,ROLE OCCUPANT / SPECIALIST,0.0,0,0.037105558142740636,-0.029199185160471843
101108,Chris Paul,SAS 2024-25,0.137,0.049450317323337,0.10252161274130178,0.08183921745586623,203084,Harrison Barnes,SAS 2024-25,0.157,0.0032460446141262,0.08779953109921246,0.04377657993045592,ROLE OCCUPANT / SPECIALIST,0.01999999999999999,1,0.014722081642089324,0.03806263752541031
203500,Steven Adams,MEM 2022-23,0.139,0.014307708122093,0.225174339190366,0.05551919332216278,1630214,Xavier Tillman,MEM 2022-23,0.136,0.0048903436382653,0.09514712998928043,0.029472251016009313,ROLE OCCUPANT / SPECIALIST,0.0030000000000000027,1,0.13002720920108557,0.026046942306153464
1631105,Jalen Duren,DET 2022-23,0.139,0.2398630700210248,0.391084382761975,0.04386274465243872,203585,Rodney McGruder,DET 2022-23,0.135,0.0040876449750831,0.10885327763658503,0.05383155382194639,ROLE OCCUPANT / SPECIALIST,0.0040000000000000036,1,0.28223110512538996,-0.009968809169507667
1641731,Bilal Coulibaly,WAS 2023-24,0.139,0.0270803180742836,0.12583032059838084,0.028726623673063476,1630557,Corey Kispert,WAS 2022-23,0.139,0.0042279473722844,0.03452503941492646,0.020831123007715655,ROLE OCCUPANT / SPECIALIST,0.0,0,0.09130528118345438,0.007895500665347822
1628379,Luke Kennard,MEM 2024-25,0.14,0.0183251752518874,0.1781077383155396,0.03315760925083702,1630182,Josh Green,DAL 2022-23,0.14,0.0047033910269745,0.04238009686535926,0.04767974123185482,ROLE OCCUPANT / SPECIALIST,0.0,0,0.13572764145018035,-0.014522131981017795
1642274,Yves Missi,NOP 2024-25,0.141,0.0355840847997903,0.08783318203744572,0.05454299319068434,1630526,Jeremiah Robinson-Earl,NOP 2024-25,0.14,0.0020701682119438,0.07844342259333958,0.04447011596633089,ROLE OCCUPANT / SPECIALIST,0.0009999999999999731,1,0.009389759444106138,0.010072877224353453
1629048,Goga Bitadze,ORL 2024-25,0.142,0.0887695631638385,0.3806395115669192,0.06276935438406027,1641783,Tristan da Silva,ORL 2024-25,0.149,0.0021271609187273,0.10533625438345295,0.04345815918426246,ROLE OCCUPANT / SPECIALIST,0.007000000000000006,1,0.27530325718346627,0.019311195199797807
1626158,Richaun Holmes,WAS 2024-25,0.143,0.0610413169898428,0.5687672131959732,0.07350542629850262,1630551,Justin Champagnie,WAS 2024-25,0.15,0.0064199131118259,0.045154508185827225,0.04497106516736567,ROLE OCCUPANT / SPECIALIST,0.007000000000000006,1,0.523612705010146,0.028534361131136957
1628960,Grayson Allen,MIL 2022-23,0.143,0.0263160958061048,0.12762754183320002,0.05750868410221825,1628997,Caleb Martin,MIA 2022-23,0.143,0.0017204227828755,0.05452869503356683,0.03508707231584894,ROLE OCCUPANT / SPECIALIST,0.0,0,0.07309884679963319,0.02242161178636931
1629655,Daniel Gafford,WAS 2022-23,0.146,0.4108602821575936,0.7653113453404475,0.07440181138065455,1628420,Monte Morris,WAS 2022-23,0.155,0.0092779227662781,0.05812391167345499,0.03743930140888947,ROLE OCCUPANT / SPECIALIST,0.009000000000000008,1,0.7071874336669925,0.036962509971765076
1630573,Sam Hauser,BOS 2023-24,0.146,0.0243089921977074,0.08664948842539044,0.06528714063310846,201950,Jrue Holiday,BOS 2023-24,0.161,0.001633119246251,0.04897777498414835,0.035971860523504526,ROLE OCCUPANT / SPECIALIST,0.015000000000000013,1,0.037671713441242094,0.029315280109603936
1642419,Jamison Battle,TOR 2024-25,0.147,0.012901090304374,0.19402127257383717,0.0713518530099832,1642367,Jonathan Mogbo,TOR 2024-25,0.145,0.0060138108090018,0.05341936585643958,0.055497647087508845,ROLE OCCUPANT / SPECIALIST,0.0020000000000000018,1,0.14060190671739758,0.015854205922474357
1627826,Ivica Zubac,LAC 2022-23,0.149,0.0509910229927556,0.09193891497030726,0.09595930920099302,1629611,Terance Mann,LAC 2022-23,0.149,0.0039805603102512,0.028257536116302773,0.032592234496578165,ROLE OCCUPANT / SPECIALIST,0.0,1,0.06368137885400449,0.06336707470441486
1630200,Tre Jones,SAS 2023-24,0.149,0.0236035317383731,0.09745223452375873,0.026900924057669036,1626224,Cedi Osman,SAS 2023-24,0.146,0.0048110041885485,0.12853349452086338,0.04454253532680446,ROLE OCCUPANT / SPECIALIST,0.0030000000000000027,1,-0.03108125999710465,-0.017641611269135424
1628975,Jevon Carter,MIL 2022-23,0.149,0.0397100356850291,0.12056422311599946,0.031067252110115115,202709,Cory Joseph,DET 2022-23,0.149,0.0020164948049254,0.06826184927374845,0.07916552233141563,ROLE OCCUPANT / SPECIALIST,0.0,0,0.052302373842251004,-0.04809827022130052
1629634,Brandon Clarke,MEM 2024-25,0.15,0.1423486166339161,0.46343856488542,0.04929308021339275,1630168,Onyeka Okongwu,ATL 2022-23,0.15,0.0066684578061563,0.07704515107414556,0.04474132099607852,ROLE OCCUPANT / SPECIALIST,0.0,0,0.38639341381127446,0.0045517592173142316
203991,Clint Capela,ATL 2022-23,0.151,0.0217328255293547,0.08593781905411779,0.06299137680651397,1628381,John Collins,ATL 2022-23,0.168,0.0049202798553912,0.03938069429992064,0.06322935057267182,ROLE OCCUPANT / SPECIALIST,0.017000000000000015,1,0.046557124754197154,-0.00023797376615784793
203497,Rudy Gobert,MIN 2023-24,0.152,0.6197062463896956,0.6586346179279152,0.11386311157582887,1630183,Jaden McDaniels,MIN 2023-24,0.156,0.0018561530142261,0.026399080579085354,0.03827096113182678,ROLE OCCUPANT / SPECIALIST,0.0040000000000000036,1,0.6322355373488299,0.0755921504440021
101108,Chris Paul,GSW 2023-24,0.154,0.0302576874250324,0.040124473017816076,0.08620453400398786,1641764,Brandin Podziemski,GSW 2023-24,0.149,0.0091289363195126,0.05033541244358131,0.04509311596898788,ROLE OCCUPANT / SPECIALIST,0.0050000000000000044,1,-0.01021093942576523,0.041111418034999986
1642267,Bub Carrington,WAS 2024-25,0.154,0.0891019082934972,0.06241941136832496,0.05716299272913935,1630557,Corey Kispert,WAS 2024-25,0.169,0.0132384336005012,0.10452626209617688,0.027235895698251668,ROLE OCCUPANT / SPECIALIST,0.015000000000000013,1,-0.04210685072785192,0.02992709703088768
1629651,Nic Claxton,BKN 2022-23,0.155,0.0845240026860323,0.050438347562852925,0.07238760463440325,1627732,Ben Simmons,BKN 2022-23,0.142,0.0066361634975805,0.09277292809514603,0.056590042006237226,ROLE OCCUPANT / SPECIALIST,0.013000000000000012,1,-0.04233458053229311,0.01579756262816602
1631255,Karlo Matković,NOP 2024-25,0.155,0.0182987771487722,0.13248102253569694,0.051883052787732656,1628971,Bruce Brown,NOP 2024-25,0.169,0.0086458994054807,0.1623371472221422,0.09887560200524344,ROLE OCCUPANT / SPECIALIST,0.014000000000000012,1,-0.029856124686445273,-0.04699254921751078
1631128,Christian Braun,DEN 2024-25,0.155,0.0590010119265291,0.21869274477351786,0.03361664201948396,1631212,Peyton Watson,DEN 2024-25,0.138,0.0132193224519054,0.07117641767955052,0.04358401134706183,ROLE OCCUPANT / SPECIALIST,0.016999999999999987,1,0.14751632709396734,-0.009967369327577871
1631243,Mouhamed Gueye,ATL 2024-25,0.155,0.0157220421107681,0.24735582441576343,0.039977069222652546,1629726,Garrison Mathews,ATL 2024-25,0.153,0.0032687248485658,0.08635448847468064,0.06655393234162685,ROLE OCCUPANT / SPECIALIST,0.0020000000000000018,1,0.1610013359410828,-0.026576863118974302
1630183,Jaden McDaniels,MIN 2022-23,0.156,0.0635052077778828,0.054087098688776036,0.047261846715576775,1627752,Taurean Prince,MIN 2022-23,0.165,0.0082970223552768,0.0814416140981209,0.026373774163051988,ROLE OCCUPANT / SPECIALIST,0.009000000000000008,1,-0.02735451540934486,0.020888072552524787
1629651,Nic Claxton,BKN 2023-24,0.156,0.0689299074424872,0.09911961857113039,0.046059852104693634,1628372,Dennis Smith Jr.,BKN 2023-24,0.174,0.0024488752990884,0.04055395725450672,0.041224741400615376,ROLE OCCUPANT / SPECIALIST,0.017999999999999988,1,0.05856566131662366,0.004835110704078258
1627780,Gary Payton II,GSW 2024-25,0.156,0.0150578432124137,0.21449691001461813,0.029554070736166102,203110,Draymond Green,GSW 2024-25,0.157,0.0103608986124232,0.12188183935512165,0.07065805165977995,ROLE OCCUPANT / SPECIALIST,0.0010000000000000009,1,0.09261507065949648,-0.04110398092361385
1642273,Kyshawn George,WAS 2024-25,0.156,0.0592002928445739,0.07868223035858568,0.044858653290510406,1630172,Patrick Williams,CHI 2022-23,0.156,0.0044468150078464,0.09673494318525289,0.04269231531186653,ROLE OCCUPANT / SPECIALIST,0.0,0,-0.018052712826667205,0.0021663379786438786
1628386,Jarrett Allen,CLE 2024-25,0.156,0.1096850958085023,0.14484785780919696,0.07745089406480404,1629622,Max Strus,CLE 2024-25,0.143,0.0057447254600689,0.05363390040238214,0.04093013910499928,ROLE OCCUPANT / SPECIALIST,0.013000000000000012,1,0.09121395740681482,0.036520754959804766
1641744,Zach Edey,MEM 2024-25,0.156,0.087982350051941,0.533070412717809,0.05461248209537933,1631099,Keegan Murray,SAC 2022-23,0.156,0.0147346902729348,0.12203447551629887,0.030855247571665495,ROLE OCCUPANT / SPECIALIST,0.0,0,0.4110359372015101,0.023757234523713838
1642377,Jaylen Wells,MEM 2024-25,0.156,0.0258403229390377,0.13702111099036718,0.040251763931709324,201572,Brook Lopez,MIL 2023-24,0.156,0.0141801176110128,0.08693438276975929,0.027400232647562445,ROLE OCCUPANT / SPECIALIST,0.0,0,0.05008672822060789,0.012851531284146879
1631218,Trayce Jackson-Davis,GSW 2023-24,0.157,0.0396574152451192,0.12291063778228195,0.05638552438394333,203110,Draymond Green,GSW 2023-24,0.148,0.0055036384444704,0.06870735934530037,0.048594427719984304,ROLE OCCUPANT / SPECIALIST,0.009000000000000008,1,0.05420327843698158,0.007791096663959024
1630164,James Wiseman,DET 2023-24,0.158,0.0130775377441849,0.11470980743916515,0.05597803126320236,1631323,Simone Fontecchio,DET 2023-24,0.159,0.0010789930033082,0.0355980060249812,0.06594994385619761,ROLE OCCUPANT / SPECIALIST,0.0010000000000000009,1,0.07911180141418395,-0.00997191259299525
1630530,Trey Murphy III,NOP 2022-23,0.159,0.044115683991985,0.053255364890157475,0.03094150438964212,1630230,Naji Marshall,NOP 2022-23,0.172,0.0107916267449078,0.22219393590930492,0.05873464884648613,ROLE OCCUPANT / SPECIALIST,0.012999999999999984,1,-0.16893857101914744,-0.027793144456844013
1631133,Jabari Walker,POR 2023-24,0.159,0.0223171359149978,0.040332337559712106,0.04971604063025165,1629614,Andrew Nembhard,IND 2022-23,0.159,0.0061820690275823,0.0843890192640725,0.021513253269939896,ROLE OCCUPANT / SPECIALIST,0.0,0,-0.04405668170436039,0.028202787360311756
1630231,KJ Martin,HOU 2022-23,0.16,0.0343783355115432,0.17238640498378233,0.04268009082416235,1630227,Daishen Nix,HOU 2022-23,0.149,0.0051449397032284,0.12250889179409541,0.05591923232761214,ROLE OCCUPANT / SPECIALIST,0.01100000000000001,1,0.04987751318968692,-0.013239141503449785
1627884,Derrick Jones Jr.,LAC 2024-25,0.16,0.0300437682465923,0.07892890648188011,0.040000876704954544,1629599,Amir Coffey,LAC 2024-25,0.15,0.0146582805981387,0.07536194336263213,0.0482082203228049,ROLE OCCUPANT / SPECIALIST,0.010000000000000009,1,0.003566963119247979,-0.008207343617850353
203991,Clint Capela,ATL 2024-25,0.16,0.0491439060143463,0.1738493625188995,0.05833845451548689,1630811,Keaton Wallace,ATL 2024-25,0.164,0.0033622873821474,0.15601545889640145,0.08168803710988859,ROLE OCCUPANT / SPECIALIST,0.0040000000000000036,1,0.017833903622498037,-0.023349582594401702
1627751,Jakob Poeltl,TOR 2023-24,0.16,0.217306701201067,0.33800331817931273,0.07669556876951795,1628971,Bruce Brown,TOR 2023-24,0.161,0.0009020272756197,0.25712858233005054,0.047317304671572843,ROLE OCCUPANT / SPECIALIST,0.0010000000000000009,1,0.08087473584926219,0.02937826409794511
1630167,Obi Toppin,IND 2023-24,0.16,0.0232377997340472,0.11651407654869295,0.04612598395876115,1629614,Andrew Nembhard,IND 2023-24,0.161,0.0025369756449196,0.10268072094603209,0.037387358504952756,ROLE OCCUPANT / SPECIALIST,0.0010000000000000009,1,0.013833355602660857,0.008738625453808394
201144,Mike Conley,MIN 2022-23,0.161,0.0330002465093894,0.07397498966915339,0.044407257776927535,1629638,Nickeil Alexander-Walker,MIN 2022-23,0.177,0.0035694067903332,0.04000752985898037,0.060275157335140134,ROLE OCCUPANT / SPECIALIST,0.015999999999999986,1,0.03396745981017302,-0.0158678995582126
1626145,Tyus Jones,WAS 2023-24,0.161,0.1174596951236596,0.36948606307725673,0.060134814872975874,1641709,Ausar Thompson,DET 2023-24,0.161,0.0014215666033127,0.04215140484959967,0.028130733386371384,ROLE OCCUPANT / SPECIALIST,0.0,0,0.32733465822765706,0.03200408148660449
203497,Rudy Gobert,MIN 2022-23,0.161,0.7805032845213218,0.7989974418151743,0.10406366197680683,203937,Kyle Anderson,MIN 2022-23,0.143,0.0041147755409335,0.07658283310763792,0.04856212748212983,ROLE OCCUPANT / SPECIALIST,0.018000000000000016,1,0.7224146087075364,0.055501534494677
1631105,Jalen Duren,DET 2024-25,0.161,0.1721338288700984,0.2545405844399712,0.07371604767458538,1631323,Simone Fontecchio,DET 2024-25,0.152,0.0061698001637111,0.05510034942281805,0.07085059992291103,ROLE OCCUPANT / SPECIALIST,0.009000000000000008,1,0.19944023501715313,0.002865447751674355
1628386,Jarrett Allen,CLE 2022-23,0.162,0.0247697705464631,0.06690385323844272,0.07233305256313635,201937,Ricky Rubio,CLE 2022-23,0.172,0.0099258777290088,0.06961549401895428,0.05539856881492762,ROLE OCCUPANT / SPECIALIST,0.009999999999999981,1,-0.0027116407805115594,0.01693448374820873
1631218,Trayce Jackson-Davis,GSW 2024-25,0.164,0.0912513001111031,0.2299718801180869,0.041098898344383294,1630541,Moses Moody,GSW 2024-25,0.17,0.0105200908661794,0.10862957734456247,0.028759637427355003,ROLE OCCUPANT / SPECIALIST,0.006000000000000005,1,0.12134230277352442,0.012339260917028291
1627826,Ivica Zubac,LAC 2023-24,0.165,0.0310186668266509,0.15325355792003792,0.09074349651135039,1628464,Daniel Theis,LAC 2023-24,0.15,0.0051201295912168,0.1934235903922894,0.0934845568844434,ROLE OCCUPANT / SPECIALIST,0.015000000000000013,1,-0.04017003247225148,-0.0027410603730930183
1630543,Isaiah Jackson,IND 2022-23,0.165,0.2029695916284357,0.4168330023884472,0.050761353640714504,1630174,Aaron Nesmith,IND 2022-23,0.168,0.009627282862329,0.05904649185430244,0.030126384600034035,ROLE OCCUPANT / SPECIALIST,0.0030000000000000027,1,0.3577865105341448,0.02063496904068047
1628392,Isaiah Hartenstein,OKC 2024-25,0.165,0.1823036073141152,0.3108199199096122,0.11643570314512025,1630198,Isaiah Joe,OKC 2024-25,0.166,0.0081804588885988,0.08242920112020158,0.03577331489590231,ROLE OCCUPANT / SPECIALIST,0.0010000000000000009,1,0.22839071878941064,0.08066238824921794
1629651,Nic Claxton,BKN 2024-25,0.166,0.0761356226573988,0.07479933398220862,0.05584386936947078,1630592,Jalen Wilson,BKN 2024-25,0.161,0.0049707232934127,0.018480240137419557,0.042736440041911565,ROLE OCCUPANT / SPECIALIST,0.0050000000000000044,1,0.05631909384478906,0.013107429327559213
1628379,Luke Kennard,MEM 2023-24,0.166,0.0149849157095967,0.06941515958707167,0.054700661123154415,1630583,Santi Aldama,MEM 2023-24,0.177,0.0032525444828315,0.12402607171682412,0.04940927732092391,ROLE OCCUPANT / SPECIALIST,0.010999999999999982,1,-0.05461091212975244,0.005291383802230508
203991,Clint Capela,ATL 2023-24,0.167,0.0398446073769163,0.10847676615231139,0.04072850547556392,1630180,Saddiq Bey,ATL 2023-24,0.163,0.0014155103425155,0.0754114715717854,0.04714923302375655,ROLE OCCUPANT / SPECIALIST,0.0040000000000000036,1,0.033065294580525983,-0.006420727548192631
1630208,Nick Richards,PHX 2024-25,0.169,0.0129065808923671,0.1152906367829084,0.06621410129888254,1628960,Grayson Allen,PHX 2024-25,0.169,0.0038122534947325,0.08090877785325423,0.019552673666144292,ROLE OCCUPANT / SPECIALIST,0.0,1,0.034381858929654174,0.04666142763273825
1642276,Kel'el Ware,MIA 2024-25,0.169,0.2825741860927192,0.7392837832957347,0.04944059826782993,1631107,Nikola Jović,MIA 2024-25,0.178,0.0047684353852981,0.11107462515027777,0.058725778377194504,ROLE OCCUPANT / SPECIALIST,0.00899999999999998,1,0.628209158145457,-0.009285180109364577
1630168,Onyeka Okongwu,ATL 2024-25,0.169,0.0238716876537238,0.14539465976472288,0.03637428048504018,1627777,Georges Niang,ATL 2024-25,0.177,0.0072687958836245,0.06631206153383173,0.06307911703301518,ROLE OCCUPANT / SPECIALIST,0.00799999999999998,1,0.07908259823089114,-0.026704836547975
202722,Davis Bertans,CHA 2023-24,0.169,0.0140524780924479,0.09118610991064291,0.1006426755222049,1629684,Grant Williams,CHA 2023-24,0.157,0.0034563540777613,0.07399890812677856,0.06385041252881238,ROLE OCCUPANT / SPECIALIST,0.01200000000000001,1,0.017187201783864348,0.03679226299339253
1630198,Isaiah Joe,OKC 2022-23,0.17,0.0336464325470807,0.3289043424160495,0.07137950045626748,1630197,Aleksej Pokusevski,OKC 2022-23,0.179,0.0072298205917579,0.12418749589153777,0.04170792870610885,ROLE OCCUPANT / SPECIALIST,0.00899999999999998,1,0.20471684652451172,0.02967157175015863
1630241,Sam Merrill,CLE 2023-24,0.17,0.0149465240292284,0.05528419091829784,0.08044901733231434,1627777,Georges Niang,CLE 2023-24,0.173,0.0073511839955193,0.02576688305130126,0.03560558348625847,ROLE OCCUPANT / SPECIALIST,0.002999999999999975,1,0.02951730786699658,0.04484343384605587
1641708,Amen Thompson,HOU 2024-25,0.172,0.0493816837159525,0.21245324527619613,0.0319604802707821,1627832,Fred VanVleet,HOU 2024-25,0.176,0.0132343865073851,0.08151385409937517,0.028426588360053084,ROLE OCCUPANT / SPECIALIST,0.0040000000000000036,1,0.13093939117682096,0.003533891910729014
1641708,Amen Thompson,HOU 2023-24,0.173,0.0379385413288708,0.1407374873446513,0.055116433803762965,1631095,Jabari Smith Jr.,HOU 2023-24,0.174,0.0191770510612148,0.098211651924337,0.0369966294725116,ROLE OCCUPANT / SPECIALIST,0.0010000000000000009,1,0.042525835420314295,0.018119804331251363
1628971,Bruce Brown,DEN 2022-23,0.174,0.0323917236054573,0.15211017851293018,0.057437656695635365,201145,Jeff Green,DEN 2022-23,0.167,0.0062648517048035,0.10887769097390043,0.06960927960927958,ROLE OCCUPANT / SPECIALIST,0.0069999999999999785,1,0.04323248753902975,-0.012171622913644216
1629634,Brandon Clarke,MEM 2022-23,0.174,0.0466894381875269,0.07897435316288148,0.03530557154943181,1626145,Tyus Jones,MEM 2022-23,0.175,0.0079582702526479,0.18968274383032357,0.05030154550270251,ROLE OCCUPANT / SPECIALIST,0.0010000000000000009,1,-0.11070839066744209,-0.014995973953270694
1641731,Bilal Coulibaly,WAS 2024-25,0.175,0.025156496214028,0.0768671404485084,0.05511635113612613,1628372,Dennis Smith Jr.,CHA 2022-23,0.175,0.0040097799032392,0.055943178350699285,0.028363477231112898,ROLE OCCUPANT / SPECIALIST,0.0,0,0.020923962097809112,0.026752873905013234
1630583,Santi Aldama,MEM 2024-25,0.179,0.0203125672544383,0.04628893439478876,0.05327042639296452,1630533,Ziaire Williams,BKN 2024-25,0.179,0.0142407874949928,0.0485155464686704,0.03468095289610589,ROLE OCCUPANT / SPECIALIST,0.0,0,-0.0022266120738816397,0.018589473496858626
