player,player_id,mover_id,gap_seasons,position,position_detail,origin_team,origin_season,dest_team,dest_season,move,origin_role,dest_role,origin_top_play,dest_top_play,origin_init,dest_init,origin_usage,dest_usage,origin_influence,dest_influence,origin_influence_resid,dest_influence_resid,origin_archetype,dest_archetype,self_sim,decoy_sim,delta,portable
J. Collins,1628381,1628381_ATL22_UTA23,0,F/C,F-C,ATL,2022-23,UTA,2023-24,ATL 2022-23 → UTA 2023-24,Spot-up / off-ball,Spot-up / off-ball,SPOT_UP,SPOT_UP,745,753,0.093,0.098,0.005,0.003,-0.018,-0.022,Peripheral / replaceable wiring,Peripheral / replaceable wiring,0.385,-0.751,1.136,YES
O. Robinson,1631115,1631115_MIA23_TOR24,0,C,C,MIA,2023-24,TOR,2024-25,MIA 2023-24 → TOR 2024-25,Post hub,PnR ball-handler / hub,POST_UP,PNR,76,204,0.01,0.027,0.005,0.011,-0.006,-0.0,Peripheral / replaceable wiring,Peripheral / replaceable wiring,0.715,-0.243,0.958,YES
J. Hayes,1629637,1629637_NOP22_LAL23,0,F/C,C-F,NOP,2022-23,LAL,2023-24,NOP 2022-23 → LAL 2023-24,Cutter / connector,Cutter / connector,CUT,CUT,159,201,0.021,0.026,0.024,0.054,0.012,0.042,Peripheral / replaceable wiring,Standard role occupant,0.659,-0.268,0.928,YES
S. Curry,203552,203552_BKN22_DAL23,0,G,G,BKN,2022-23,DAL,2023-24,BKN 2022-23 → DAL 2023-24,Pull-up scorer,Spot-up / off-ball,PULL_UP,SPOT_UP,458,136,0.061,0.018,0.004,0.004,-0.012,-0.007,Peripheral / replaceable wiring,Peripheral / replaceable wiring,0.797,-0.108,0.905,YES
D. Mitchell,1630558,1630558_SAC23_TOR24,0,G,G,SAC,2023-24,TOR,2024-25,SAC 2023-24 → TOR 2024-25,Spot-up / off-ball,Driving creator,SPOT_UP,DRIVE,320,274,0.042,0.037,0.005,0.008,-0.008,-0.004,Peripheral / replaceable wiring,Peripheral / replaceable wiring,0.471,-0.403,0.873,YES
I. Hartenstein,1628392,1628392_NYK23_OKC24,0,F/C,C-F,NYK,2023-24,OKC,2024-25,NYK 2023-24 → OKC 2024-25,PnR ball-handler / hub,PnR ball-handler / hub,PNR,PNR,339,450,0.046,0.061,0.047,0.182,0.034,0.167,Standard role occupant,Hidden structural hub,0.78,0.007,0.773,YES
P. Baldwin Jr.,1631116,1631116_GSW22_WAS23,0,F/Wing,F,GSW,2022-23,WAS,2023-24,GSW 2022-23 → WAS 2023-24,Spot-up / off-ball,Spot-up / off-ball,SPOT_UP,SPOT_UP,112,170,0.014,0.021,0.003,0.017,-0.008,0.006,Peripheral / replaceable wiring,Peripheral / replaceable wiring,0.797,0.039,0.758,YES
D. Schröder,203471,203471_LAL22_TOR23,0,G,G,LAL,2022-23,TOR,2023-24,LAL 2022-23 → TOR 2023-24,Driving creator,Driving creator,DRIVE,DRIVE,752,575,0.096,0.076,0.003,0.004,-0.021,-0.015,Peripheral / replaceable wiring,Peripheral / replaceable wiring,0.667,-0.057,0.723,YES
J. Robinson-Earl,1630526,1630526_OKC22_NOP23,0,F/Wing,F,OKC,2022-23,NOP,2023-24,OKC 2022-23 → NOP 2023-24,Spot-up / off-ball,Spot-up / off-ball,SPOT_UP,SPOT_UP,219,87,0.028,0.011,0.008,0.001,-0.003,-0.01,Peripheral / replaceable wiring,Peripheral / replaceable wiring,0.758,0.047,0.711,YES
K. Porziņģis,204001,204001_WAS22_BOS23,0,F/C,F-C,WAS,2022-23,BOS,2023-24,WAS 2022-23 → BOS 2023-24,Spot-up / off-ball,Spot-up / off-ball,SPOT_UP,SPOT_UP,1152,821,0.151,0.108,0.073,0.038,0.027,0.01,Standard role occupant,Peripheral / replaceable wiring,0.777,0.08,0.697,YES
T. Watford,1630570,1630570_POR22_BKN23,0,F/Wing,F,POR,2022-23,BKN,2023-24,POR 2022-23 → BKN 2023-24,Driving creator,Driving creator,DRIVE,DRIVE,363,345,0.048,0.046,0.005,0.002,-0.009,-0.011,Peripheral / replaceable wiring,Peripheral / replaceable wiring,0.274,-0.408,0.682,YES
J. Poole,1629673,1629673_GSW22_WAS23,0,G,G,GSW,2022-23,WAS,2023-24,GSW 2022-23 → WAS 2023-24,Driving creator,Driving creator,DRIVE,DRIVE,1405,1250,0.181,0.158,0.045,0.102,-0.019,0.053,Standard role occupant,Standard role occupant,0.499,-0.148,0.647,YES
W. Moore Jr.,1631111,1631111_DET24_CHA24,0,G,Guard,DET,2024-25,CHA,2024-25,DET 2024-25 → CHA 2024-25,Transition initiator,Spot-up / off-ball,TRANSITION,SPOT_UP,57,70,0.008,0.01,0.007,0.004,-0.004,-0.007,Peripheral / replaceable wiring,Peripheral / replaceable wiring,0.144,-0.496,0.64,YES
R. Holmes,1626158,1626158_SAC22_WAS23,0,F/Wing,F,SAC,2022-23,WAS,2023-24,SAC 2022-23 → WAS 2023-24,PnR ball-handler / hub,Cutter / connector,PNR,CUT,77,77,0.01,0.01,0.002,0.004,-0.009,-0.008,Peripheral / replaceable wiring,Peripheral / replaceable wiring,0.777,0.147,0.63,YES
M. Strus,1629622,1629622_MIA22_CLE23,0,F/Wing,G-F,MIA,2022-23,CLE,2023-24,MIA 2022-23 → CLE 2023-24,Spot-up / off-ball,Spot-up / off-ball,SPOT_UP,SPOT_UP,774,704,0.104,0.098,0.007,0.018,-0.019,-0.007,Peripheral / replaceable wiring,Peripheral / replaceable wiring,0.79,0.16,0.63,YES
C. Metu,1629002,1629002_PHX23_DET23,0,F/C,Forward-Center,PHX,2023-24,DET,2023-24,PHX 2023-24 → DET 2023-24,PnR ball-handler / hub,PnR ball-handler / hub,PNR,PNR,150,126,0.02,0.017,0.004,0.001,-0.008,-0.01,Peripheral / replaceable wiring,Peripheral / replaceable wiring,0.588,-0.026,0.615,YES
E. Gordon,201569,201569_PHX23_PHI24,0,G,G,PHX,2023-24,PHI,2024-25,PHX 2023-24 → PHI 2024-25,Spot-up / off-ball,Spot-up / off-ball,SPOT_UP,SPOT_UP,631,221,0.084,0.03,0.015,0.01,-0.006,-0.002,Peripheral / replaceable wiring,Peripheral / replaceable wiring,0.36,-0.248,0.607,YES
D. Gafford,1629655,1629655_WAS23_DAL23,0,F,Forward,WAS,2023-24,DAL,2023-24,WAS 2023-24 → DAL 2023-24,Cutter / connector,Cutter / connector,CUT,CUT,282,184,0.036,0.025,0.335,0.007,0.323,-0.005,Hidden structural hub,Peripheral / replaceable wiring,0.865,0.263,0.602,YES
F. VanVleet,1627832,1627832_TOR22_HOU23,0,G,G,TOR,2022-23,HOU,2023-24,TOR 2022-23 → HOU 2023-24,Pull-up scorer,Pull-up scorer,PULL_UP,PULL_UP,1159,1033,0.15,0.132,0.044,0.066,-0.002,0.028,Standard role occupant,Standard role occupant,0.445,-0.121,0.566,YES
J. Green,1629750,1629750_CHI23_NOP24,0,G,G,CHI,2023-24,NOP,2024-25,CHI 2023-24 → NOP 2024-25,Spot-up / off-ball,Spot-up / off-ball,SPOT_UP,SPOT_UP,70,208,0.01,0.028,0.006,0.002,-0.005,-0.009,Peripheral / replaceable wiring,Peripheral / replaceable wiring,0.294,-0.264,0.558,YES
D. DeRozan,201942,201942_CHI23_SAC24,0,F/Wing,G-F,CHI,2023-24,SAC,2024-25,CHI 2023-24 → SAC 2024-25,Post hub,Post hub,POST_UP,POST_UP,1495,1333,0.203,0.182,0.087,0.109,0.009,0.045,Standard role occupant,Primary grammar carrier,0.61,0.063,0.546,YES
D. Eubanks,1629234,1629234_POR22_PHX23,0,F/C,F-C,POR,2022-23,PHX,2023-24,POR 2022-23 → PHX 2023-24,Post hub,Cutter / connector,POST_UP,CUT,356,269,0.047,0.036,0.068,0.072,0.054,0.06,Standard role occupant,Standard role occupant,0.732,0.192,0.54,YES
M. Smart,203935,203935_MEM24_WAS24,0,G,Guard,MEM,2024-25,WAS,2024-25,MEM 2024-25 → WAS 2024-25,Spot-up / off-ball,Driving creator,SPOT_UP,DRIVE,164,118,0.021,0.016,0.007,0.027,-0.004,0.016,Peripheral / replaceable wiring,Peripheral / replaceable wiring,0.949,0.411,0.538,YES
G. Mathews,1629726,1629726_HOU22_ATL23,0,G,Guard,HOU,2022-23,ATL,2023-24,HOU 2022-23 → ATL 2023-24,Spot-up / off-ball,Spot-up / off-ball,SPOT_UP,SPOT_UP,167,223,0.022,0.029,0.015,0.002,0.003,-0.01,Peripheral / replaceable wiring,Peripheral / replaceable wiring,0.215,-0.323,0.538,YES
J. Cain,1631288,1631288_MIA23_NOP24,0,F/Wing,F,MIA,2023-24,NOP,2024-25,MIA 2023-24 → NOP 2024-25,Spot-up / off-ball,Spot-up / off-ball,SPOT_UP,SPOT_UP,76,162,0.01,0.022,0.001,0.002,-0.01,-0.009,Peripheral / replaceable wiring,Peripheral / replaceable wiring,0.666,0.129,0.537,YES
S. Mamukelashvili,1630572,1630572_MIL22_SAS22,0,F/C,Forward-Center,MIL,2022-23,SAS,2022-23,MIL 2022-23 → SAS 2022-23,Spot-up / off-ball,Spot-up / off-ball,SPOT_UP,SPOT_UP,60,163,0.008,0.021,0.031,0.005,0.02,-0.006,Peripheral / replaceable wiring,Peripheral / replaceable wiring,0.454,-0.078,0.533,YES
B. Fernando,1628981,1628981_HOU22_ATL23,0,F/C,Forward-Center,HOU,2022-23,ATL,2023-24,HOU 2022-23 → ATL 2023-24,Cutter / connector,PnR ball-handler / hub,CUT,PNR,92,194,0.012,0.025,0.009,0.005,-0.002,-0.006,Peripheral / replaceable wiring,Peripheral / replaceable wiring,0.328,-0.203,0.532,YES
S. Dinwiddie,203915,203915_DAL22_BKN22,0,G,Guard,DAL,2022-23,BKN,2022-23,DAL 2022-23 → BKN 2022-23,Driving creator,Driving creator,DRIVE,DRIVE,720,394,0.097,0.053,0.018,0.008,-0.006,-0.006,Peripheral / replaceable wiring,Peripheral / replaceable wiring,0.572,0.042,0.531,YES
D. Lillard,203081,203081_POR22_MIL23,0,G,G,POR,2022-23,MIL,2023-24,POR 2022-23 → MIL 2023-24,Driving creator,Driving creator,DRIVE,DRIVE,1370,1416,0.182,0.182,0.041,0.052,-0.022,-0.011,"High-usage, low structural influence",Standard role occupant,0.367,-0.149,0.516,YES
D. Murray,1627749,1627749_ATL23_NOP24,0,G,G,ATL,2023-24,NOP,2024-25,ATL 2023-24 → NOP 2024-25,Driving creator,PnR ball-handler / hub,DRIVE,PNR,1506,505,0.193,0.069,0.024,0.007,-0.047,-0.01,"High-usage, low structural influence",Peripheral / replaceable wiring,0.628,0.144,0.484,YES
J. McGee,201580,201580_DAL22_SAC23,0,F/C,C-F,DAL,2022-23,SAC,2023-24,DAL 2022-23 → SAC 2023-24,Cutter / connector,Cutter / connector,CUT,CUT,140,115,0.019,0.015,0.004,0.008,-0.007,-0.003,Peripheral / replaceable wiring,Peripheral / replaceable wiring,0.636,0.152,0.484,YES
C. Reddish,1629629,1629629_NYK22_POR22,0,F,Forward-Guard,NYK,2022-23,POR,2022-23,NYK 2022-23 → POR 2022-23,Driving creator,Driving creator,DRIVE,DRIVE,157,203,0.021,0.027,0.005,0.003,-0.006,-0.008,Peripheral / replaceable wiring,Peripheral / replaceable wiring,0.639,0.169,0.47,YES
J. Harden,201935,201935_PHI22_LAC23,0,G,G,PHI,2022-23,LAC,2023-24,PHI 2022-23 → LAC 2023-24,Driving creator,Pull-up scorer,DRIVE,PULL_UP,887,884,0.121,0.122,0.024,0.02,-0.009,-0.013,Peripheral / replaceable wiring,Peripheral / replaceable wiring,0.727,0.263,0.464,YES
B. Hield,1627741,1627741_PHI23_GSW24,0,G,G,PHI,2023-24,GSW,2024-25,PHI 2023-24 → GSW 2024-25,Spot-up / off-ball,Spot-up / off-ball,SPOT_UP,SPOT_UP,324,707,0.043,0.097,0.004,0.016,-0.009,-0.008,Peripheral / replaceable wiring,Peripheral / replaceable wiring,0.243,-0.217,0.461,YES
D. Russell,1626156,1626156_LAL24_BKN24,0,G,Guard,LAL,2024-25,BKN,2024-25,LAL 2024-25 → BKN 2024-25,PnR ball-handler / hub,PnR ball-handler / hub,PNR,PNR,323,335,0.045,0.047,0.001,0.005,-0.012,-0.008,Peripheral / replaceable wiring,Peripheral / replaceable wiring,0.398,-0.062,0.461,YES
D. Jones Jr.,1627884,1627884_DAL23_LAC24,0,F/Wing,F,DAL,2023-24,LAC,2024-25,DAL 2023-24 → LAC 2024-25,Spot-up / off-ball,Spot-up / off-ball,SPOT_UP,SPOT_UP,504,601,0.067,0.085,0.014,0.03,-0.002,0.009,Peripheral / replaceable wiring,Peripheral / replaceable wiring,0.527,0.074,0.453,YES
C. Joseph,202709,202709_GSW23_ORL24,0,G,Guard,GSW,2023-24,ORL,2024-25,GSW 2023-24 → ORL 2024-25,Spot-up / off-ball,Spot-up / off-ball,SPOT_UP,SPOT_UP,59,141,0.008,0.02,0.004,0.001,-0.008,-0.01,Peripheral / replaceable wiring,Peripheral / replaceable wiring,0.539,0.09,0.449,YES
C. LeVert,1627747,1627747_CLE24_ATL24,0,G,Guard,CLE,2024-25,ATL,2024-25,CLE 2024-25 → ATL 2024-25,Driving creator,PnR ball-handler / hub,DRIVE,PNR,319,298,0.043,0.039,0.003,0.008,-0.01,-0.004,Peripheral / replaceable wiring,Peripheral / replaceable wiring,0.176,-0.267,0.443,YES
L. Nance Jr.,1626204,1626204_NOP23_ATL24,0,F/C,F-C,NOP,2023-24,ATL,2024-25,NOP 2023-24 → ATL 2024-25,Spot-up / off-ball,Spot-up / off-ball,SPOT_UP,SPOT_UP,239,154,0.031,0.02,0.009,0.004,-0.003,-0.007,Peripheral / replaceable wiring,Peripheral / replaceable wiring,0.568,0.131,0.437,YES
M. Bridges,1628969,1628969_BKN23_NYK24,0,F/Wing,G-F,BKN,2023-24,NYK,2024-25,BKN 2023-24 → NYK 2024-25,PnR ball-handler / hub,Spot-up / off-ball,PNR,SPOT_UP,1453,1112,0.193,0.155,0.022,0.093,-0.048,0.045,"High-usage, low structural influence",Standard role occupant,0.451,0.017,0.434,YES
K. Knox II,1628995,1628995_DET22_POR22,0,F,Forward,DET,2022-23,POR,2022-23,DET 2022-23 → POR 2022-23,Spot-up / off-ball,Spot-up / off-ball,SPOT_UP,SPOT_UP,203,154,0.027,0.02,0.003,0.002,-0.008,-0.009,Peripheral / replaceable wiring,Peripheral / replaceable wiring,-0.166,-0.578,0.412,YES
C. Wood,1626174,1626174_DAL22_LAL23,0,F/Wing,F,DAL,2022-23,LAL,2023-24,DAL 2022-23 → LAL 2023-24,Spot-up / off-ball,Spot-up / off-ball,SPOT_UP,SPOT_UP,890,278,0.12,0.036,0.012,0.002,-0.021,-0.01,Peripheral / replaceable wiring,Peripheral / replaceable wiring,0.418,0.008,0.409,YES
C. Payne,1626166,1626166_PHI23_NYK24,0,G,G,PHI,2023-24,NYK,2024-25,PHI 2023-24 → NYK 2024-25,Driving creator,Driving creator,DRIVE,DRIVE,273,425,0.036,0.059,0.002,0.011,-0.01,-0.004,Peripheral / replaceable wiring,Peripheral / replaceable wiring,0.378,-0.03,0.408,YES
A. Davis,203076,203076_LAL24_DAL24,0,F/C,Forward-Center,LAL,2024-25,DAL,2024-25,LAL 2024-25 → DAL 2024-25,Post hub,PnR ball-handler / hub,POST_UP,PNR,811,152,0.113,0.021,0.023,0.003,-0.007,-0.008,Peripheral / replaceable wiring,Peripheral / replaceable wiring,0.206,-0.2,0.405,YES
N. Batum,201587,201587_PHI23_LAC24,0,F/Wing,G-F,PHI,2023-24,LAC,2024-25,PHI 2023-24 → LAC 2024-25,Spot-up / off-ball,Spot-up / off-ball,SPOT_UP,SPOT_UP,213,217,0.028,0.031,0.013,0.01,0.002,-0.002,Peripheral / replaceable wiring,Peripheral / replaceable wiring,0.533,0.131,0.402,YES
G. Trent Jr.,1629018,1629018_TOR23_MIL24,0,G,G,TOR,2023-24,MIL,2024-25,TOR 2023-24 → MIL 2024-25,Spot-up / off-ball,Spot-up / off-ball,SPOT_UP,SPOT_UP,855,665,0.113,0.089,0.007,0.012,-0.022,-0.01,Peripheral / replaceable wiring,Peripheral / replaceable wiring,0.681,0.281,0.4,YES
J. Nurkić,203994,203994_POR22_PHX23,0,C,C,POR,2022-23,PHX,2023-24,POR 2022-23 → PHX 2023-24,Post hub,PnR ball-handler / hub,POST_UP,PNR,552,685,0.073,0.091,0.026,0.007,0.008,-0.016,Peripheral / replaceable wiring,Peripheral / replaceable wiring,0.471,0.077,0.394,YES
J. Nwora,1629670,1629670_MIL22_IND22,0,F,Forward,MIL,2022-23,IND,2022-23,MIL 2022-23 → IND 2022-23,Spot-up / off-ball,Spot-up / off-ball,SPOT_UP,SPOT_UP,210,270,0.027,0.034,0.007,0.006,-0.004,-0.006,Peripheral / replaceable wiring,Peripheral / replaceable wiring,0.458,0.074,0.384,YES
J. Richardson,1626196,1626196_SAS22_NOP22,0,C,Center,SAS,2022-23,NOP,2022-23,SAS 2022-23 → NOP 2022-23,Spot-up / off-ball,Spot-up / off-ball,SPOT_UP,SPOT_UP,398,143,0.05,0.019,0.006,0.005,-0.008,-0.006,Peripheral / replaceable wiring,Peripheral / replaceable wiring,0.468,0.085,0.383,YES
A. Lawson,1630639,1630639_DAL23_TOR24,0,G,G,DAL,2023-24,TOR,2024-25,DAL 2023-24 → TOR 2024-25,Spot-up / off-ball,Spot-up / off-ball,SPOT_UP,SPOT_UP,109,185,0.015,0.025,0.006,0.005,-0.005,-0.007,Peripheral / replaceable wiring,Peripheral / replaceable wiring,0.589,0.213,0.376,YES
J. Butler,1630215,1630215_WAS24_PHI24,0,C,Center,WAS,2024-25,PHI,2024-25,WAS 2024-25 → PHI 2024-25,Driving creator,Driving creator,DRIVE,DRIVE,189,269,0.026,0.037,0.018,0.001,0.006,-0.011,Peripheral / replaceable wiring,Peripheral / replaceable wiring,0.78,0.405,0.375,YES
J. Wiseman,1630164,1630164_GSW22_DET22,0,C,Center,GSW,2022-23,DET,2022-23,GSW 2022-23 → DET 2022-23,PnR ball-handler / hub,Post hub,PNR,POST_UP,103,241,0.013,0.032,0.026,0.007,0.015,-0.004,Peripheral / replaceable wiring,Peripheral / replaceable wiring,0.756,0.389,0.367,YES
K. Porter Jr.,1629645,1629645_LAC24_MIL24,0,F,Guard-Forward,LAC,2024-25,MIL,2024-25,LAC 2024-25 → MIL 2024-25,PnR ball-handler / hub,Driving creator,PNR,DRIVE,436,279,0.062,0.037,0.004,0.004,-0.012,-0.008,Peripheral / replaceable wiring,Peripheral / replaceable wiring,0.267,-0.091,0.358,YES
J. Green,1629750,1629750_NOP24_CLE24,0,F/C,Forward-Center,NOP,2024-25,CLE,2024-25,NOP 2024-25 → CLE 2024-25,Spot-up / off-ball,Spot-up / off-ball,SPOT_UP,SPOT_UP,208,54,0.028,0.007,0.002,0.004,-0.009,-0.007,Peripheral / replaceable wiring,Peripheral / replaceable wiring,0.089,-0.267,0.356,YES
M. Beasley,1627736,1627736_MIL23_DET24,0,G,G,MIL,2023-24,DET,2024-25,MIL 2023-24 → DET 2024-25,Spot-up / off-ball,Spot-up / off-ball,SPOT_UP,SPOT_UP,692,1042,0.089,0.142,0.013,0.03,-0.008,-0.011,Peripheral / replaceable wiring,Peripheral / replaceable wiring,0.457,0.106,0.352,YES
J. Poeltl,1627751,1627751_SAS22_TOR22,0,C,Center,SAS,2022-23,TOR,2022-23,SAS 2022-23 → TOR 2022-23,PnR ball-handler / hub,PnR ball-handler / hub,PNR,PNR,388,218,0.049,0.028,0.12,0.011,0.106,-0.0,Hidden structural hub,Peripheral / replaceable wiring,0.501,0.15,0.351,YES
D. Roddy,1631223,1631223_MEM23_ATL24,0,F,Forward,MEM,2023-24,ATL,2024-25,MEM 2023-24 → ATL 2024-25,Spot-up / off-ball,PnR ball-handler / hub,SPOT_UP,PNR,390,107,0.052,0.014,0.005,0.003,-0.009,-0.008,Peripheral / replaceable wiring,Peripheral / replaceable wiring,0.54,0.19,0.349,YES
J. McDaniels,1629667,1629667_CHA22_PHI22,0,F,Forward,CHA,2022-23,PHI,2022-23,CHA 2022-23 → PHI 2022-23,Spot-up / off-ball,Spot-up / off-ball,SPOT_UP,SPOT_UP,543,119,0.07,0.016,0.01,0.005,-0.007,-0.006,Peripheral / replaceable wiring,Peripheral / replaceable wiring,0.351,0.003,0.348,YES
R. Hachimura,1629060,1629060_WAS22_LAL22,0,F,Forward,WAS,2022-23,LAL,2022-23,WAS 2022-23 → LAL 2022-23,PnR ball-handler / hub,PnR ball-handler / hub,PNR,PNR,335,260,0.044,0.033,0.001,0.005,-0.012,-0.007,Peripheral / replaceable wiring,Peripheral / replaceable wiring,0.621,0.274,0.348,YES
J. Valančiūnas,202685,202685_NOP23_WAS24,0,C,C,NOP,2023-24,WAS,2024-25,NOP 2023-24 → WAS 2024-25,Post hub,Post hub,POST_UP,POST_UP,680,380,0.089,0.052,0.035,0.131,0.014,0.117,Peripheral / replaceable wiring,Hidden structural hub,0.304,-0.043,0.346,YES
D. Finney-Smith,1627827,1627827_BKN24_LAL24,0,F,Forward,BKN,2024-25,LAL,2024-25,BKN 2024-25 → LAL 2024-25,Spot-up / off-ball,Spot-up / off-ball,SPOT_UP,SPOT_UP,158,262,0.022,0.036,0.003,0.006,-0.008,-0.006,Peripheral / replaceable wiring,Peripheral / replaceable wiring,0.584,0.239,0.344,YES
L. Dončić,1629029,1629029_DAL24_LAL24,0,F,Forward-Guard,DAL,2024-25,LAL,2024-25,DAL 2024-25 → LAL 2024-25,Pull-up scorer,Post hub,PULL_UP,POST_UP,469,509,0.065,0.071,0.023,0.01,0.007,-0.007,Peripheral / replaceable wiring,Peripheral / replaceable wiring,0.486,0.143,0.343,YES
R. Westbrook,201566,201566_LAC23_DEN24,0,G,G,LAC,2023-24,DEN,2024-25,LAC 2023-24 → DEN 2024-25,Driving creator,Driving creator,DRIVE,DRIVE,677,824,0.094,0.109,0.005,0.017,-0.018,-0.011,Peripheral / replaceable wiring,Peripheral / replaceable wiring,0.381,0.041,0.34,YES
Z. Williams,1630533,1630533_MEM23_BKN24,0,F/Wing,F,MEM,2023-24,BKN,2024-25,MEM 2023-24 → BKN 2024-25,Spot-up / off-ball,Spot-up / off-ball,SPOT_UP,SPOT_UP,364,468,0.048,0.066,0.003,0.014,-0.01,-0.002,Peripheral / replaceable wiring,Peripheral / replaceable wiring,0.219,-0.117,0.336,YES
D. Daniels,1630700,1630700_NOP23_ATL24,0,G,G,NOP,2023-24,ATL,2024-25,NOP 2023-24 → ATL 2024-25,Spot-up / off-ball,Driving creator,SPOT_UP,DRIVE,336,943,0.044,0.123,0.002,0.007,-0.011,-0.027,Peripheral / replaceable wiring,Peripheral / replaceable wiring,0.112,-0.213,0.325,YES
J. Smith,1630188,1630188_IND23_CHI24,0,F/C,F-C,IND,2023-24,CHI,2024-25,IND 2023-24 → CHI 2024-25,Spot-up / off-ball,Spot-up / off-ball,SPOT_UP,SPOT_UP,353,389,0.045,0.051,0.011,0.015,-0.002,0.001,Peripheral / replaceable wiring,Peripheral / replaceable wiring,0.384,0.068,0.317,YES
A. Caruso,1627936,1627936_CHI23_OKC24,0,G,G,CHI,2023-24,OKC,2024-25,CHI 2023-24 → OKC 2024-25,Spot-up / off-ball,Spot-up / off-ball,SPOT_UP,SPOT_UP,552,289,0.075,0.039,0.015,0.003,-0.003,-0.009,Peripheral / replaceable wiring,Peripheral / replaceable wiring,0.411,0.098,0.314,YES
N. Richards,1630208,1630208_CHA24_PHX24,0,C,Center,CHA,2024-25,PHX,2024-25,CHA 2024-25 → PHX 2024-25,Cutter / connector,Cutter / connector,CUT,CUT,125,218,0.017,0.031,0.001,0.013,-0.01,0.001,Peripheral / replaceable wiring,Peripheral / replaceable wiring,0.042,-0.268,0.31,YES
K. Anderson,203937,203937_MIN23_GSW24,0,F/Wing,F-G,MIN,2023-24,GSW,2024-25,MIN 2023-24 → GSW 2024-25,Driving creator,Driving creator,DRIVE,DRIVE,508,161,0.068,0.022,0.011,0.006,-0.006,-0.005,Peripheral / replaceable wiring,Peripheral / replaceable wiring,-0.089,-0.398,0.309,YES
T. Mann,1630544,1630544_OKC22_CHA23,0,G,G,OKC,2022-23,CHA,2023-24,OKC 2022-23 → CHA 2023-24,Driving creator,Driving creator,DRIVE,DRIVE,502,290,0.064,0.039,0.016,0.001,-0.0,-0.011,Peripheral / replaceable wiring,Peripheral / replaceable wiring,0.331,0.023,0.308,YES
T. Craig,1628470,1628470_PHX22_CHI23,0,F/Wing,F,PHX,2022-23,CHI,2023-24,PHX 2022-23 → CHI 2023-24,Spot-up / off-ball,Spot-up / off-ball,SPOT_UP,SPOT_UP,420,246,0.055,0.033,0.022,0.008,0.008,-0.004,Peripheral / replaceable wiring,Peripheral / replaceable wiring,0.46,0.153,0.307,YES
J. Hart,1628404,1628404_POR22_NYK22,0,G,Guard,POR,2022-23,NYK,2022-23,POR 2022-23 → NYK 2022-23,Transition initiator,Transition initiator,TRANSITION,TRANSITION,431,189,0.057,0.025,0.015,0.006,0.001,-0.005,Peripheral / replaceable wiring,Peripheral / replaceable wiring,0.325,0.022,0.303,YES
K. Huerter,1628989,1628989_SAC24_CHI24,0,F,Guard-Forward,SAC,2024-25,CHI,2024-25,SAC 2024-25 → CHI 2024-25,Spot-up / off-ball,Spot-up / off-ball,SPOT_UP,SPOT_UP,292,281,0.04,0.037,0.004,0.003,-0.009,-0.01,Peripheral / replaceable wiring,Peripheral / replaceable wiring,0.114,-0.189,0.302,YES
T. Bryant,1628418,1628418_MIA23_IND24,0,F/C,C-F,MIA,2023-24,IND,2024-25,MIA 2023-24 → IND 2024-25,PnR ball-handler / hub,Spot-up / off-ball,PNR,SPOT_UP,144,242,0.019,0.033,0.004,0.015,-0.007,0.004,Peripheral / replaceable wiring,Peripheral / replaceable wiring,0.347,0.046,0.301,YES
C. Martin,1628998,1628998_CHA24_PHX24,0,F,Forward,CHA,2024-25,PHX,2024-25,CHA 2024-25 → PHX 2024-25,Spot-up / off-ball,Spot-up / off-ball,SPOT_UP,SPOT_UP,276,60,0.039,0.008,0.001,0.008,-0.011,-0.003,Peripheral / replaceable wiring,Peripheral / replaceable wiring,0.828,0.536,0.292,YES
M. Plumlee,203486,203486_CHA22_LAC22,0,G,Guard,CHA,2022-23,LAC,2022-23,CHA 2022-23 → LAC 2022-23,PnR ball-handler / hub,Cutter / connector,PNR,CUT,442,98,0.057,0.013,0.012,0.005,-0.003,-0.006,Peripheral / replaceable wiring,Peripheral / replaceable wiring,0.562,0.274,0.288,YES
B. Boston,1630527,1630527_LAC23_NOP24,0,G,G,LAC,2023-24,NOP,2024-25,LAC 2023-24 → NOP 2024-25,PnR ball-handler / hub,PnR ball-handler / hub,PNR,PNR,159,383,0.022,0.052,0.004,0.006,-0.007,-0.008,Peripheral / replaceable wiring,Peripheral / replaceable wiring,0.226,-0.056,0.282,YES
D. Wright,1626153,1626153_MIA23_MIL24,0,G,G,MIA,2023-24,MIL,2024-25,MIA 2023-24 → MIL 2024-25,Driving creator,Spot-up / off-ball,DRIVE,SPOT_UP,66,84,0.009,0.011,0.002,0.003,-0.009,-0.008,Peripheral / replaceable wiring,Peripheral / replaceable wiring,0.139,-0.139,0.279,YES
D. Russell,1626156,1626156_MIN22_LAL22,0,G,Guard,MIN,2022-23,LAL,2022-23,MIN 2022-23 → LAL 2022-23,Spot-up / off-ball,Driving creator,SPOT_UP,DRIVE,776,234,0.1,0.03,0.02,0.001,-0.005,-0.011,Peripheral / replaceable wiring,Peripheral / replaceable wiring,0.525,0.262,0.264,YES
B. Biyombo,202687,202687_MEM23_SAS24,0,C,Center,MEM,2023-24,SAS,2024-25,MEM 2023-24 → SAS 2024-25,Post hub,Post hub,POST_UP,POST_UP,122,104,0.016,0.014,0.027,0.035,0.016,0.024,Peripheral / replaceable wiring,Peripheral / replaceable wiring,0.619,0.356,0.262,YES
M. Smart,203935,203935_BOS22_MEM23,0,G,G,BOS,2022-23,MEM,2023-24,BOS 2022-23 → MEM 2023-24,Spot-up / off-ball,Spot-up / off-ball,SPOT_UP,SPOT_UP,659,249,0.085,0.033,0.001,0.003,-0.02,-0.009,Peripheral / replaceable wiring,Peripheral / replaceable wiring,0.309,0.052,0.257,YES
M. Flynn,1630201,1630201_TOR23_DET23,0,G,Guard,TOR,2023-24,DET,2023-24,TOR 2023-24 → DET 2023-24,Spot-up / off-ball,Pull-up scorer,SPOT_UP,PULL_UP,133,167,0.018,0.022,0.006,0.001,-0.005,-0.01,Peripheral / replaceable wiring,Peripheral / replaceable wiring,0.76,0.504,0.256,YES
E. Omoruyi,1630647,1630647_OKC22_DET22,0,F,Forward,OKC,2022-23,DET,2022-23,OKC 2022-23 → DET 2022-23,Spot-up / off-ball,Spot-up / off-ball,SPOT_UP,SPOT_UP,89,144,0.011,0.019,0.022,0.007,0.011,-0.005,Peripheral / replaceable wiring,Peripheral / replaceable wiring,0.312,0.067,0.245,YES
B. Hield,1627741,1627741_IND23_PHI23,0,G,Guard,IND,2023-24,PHI,2023-24,IND 2023-24 → PHI 2023-24,Spot-up / off-ball,Spot-up / off-ball,SPOT_UP,SPOT_UP,500,324,0.064,0.043,0.007,0.004,-0.009,-0.009,Peripheral / replaceable wiring,Peripheral / replaceable wiring,0.724,0.487,0.237,YES
T. Horton-Tucker,1629659,1629659_UTA23_CHI24,0,G,G,UTA,2023-24,CHI,2024-25,UTA 2023-24 → CHI 2024-25,Driving creator,Driving creator,DRIVE,DRIVE,479,314,0.062,0.041,0.019,0.005,0.004,-0.008,Peripheral / replaceable wiring,Peripheral / replaceable wiring,0.296,0.062,0.234,YES
C. Martin,1628997,1628997_PHI24_DAL24,0,F,Forward,PHI,2024-25,DAL,2024-25,PHI 2024-25 → DAL 2024-25,PnR ball-handler / hub,PnR ball-handler / hub,PNR,PNR,256,81,0.035,0.011,0.002,0.006,-0.01,-0.005,Peripheral / replaceable wiring,Peripheral / replaceable wiring,-0.019,-0.248,0.229,YES
M. Conley,201144,201144_UTA22_MIN22,0,G,Guard,UTA,2022-23,MIN,2022-23,UTA 2022-23 → MIN 2022-23,Driving creator,Driving creator,DRIVE,DRIVE,410,255,0.053,0.033,0.003,0.033,-0.011,0.021,Peripheral / replaceable wiring,Peripheral / replaceable wiring,0.075,-0.153,0.228,YES
C. Metu,1629002,1629002_SAC22_PHX23,0,F/C,F-C,SAC,2022-23,PHX,2023-24,SAC 2022-23 → PHX 2023-24,Cutter / connector,PnR ball-handler / hub,CUT,PNR,224,150,0.028,0.02,0.054,0.004,0.043,-0.008,Standard role occupant,Peripheral / replaceable wiring,0.442,0.218,0.224,YES
K. Kuzma,1628398,1628398_WAS24_MIL24,0,F,Forward,WAS,2024-25,MIL,2024-25,WAS 2024-25 → MIL 2024-25,PnR ball-handler / hub,PnR ball-handler / hub,PNR,PNR,485,440,0.066,0.059,0.024,0.003,0.007,-0.012,Peripheral / replaceable wiring,Peripheral / replaceable wiring,-0.103,-0.326,0.223,YES
G. Williams,1629684,1629684_BOS22_DAL23,0,F/Wing,F,BOS,2022-23,DAL,2023-24,BOS 2022-23 → DAL 2023-24,Spot-up / off-ball,Spot-up / off-ball,SPOT_UP,SPOT_UP,493,299,0.063,0.04,0.002,0.005,-0.014,-0.007,Peripheral / replaceable wiring,Peripheral / replaceable wiring,0.111,-0.111,0.223,YES
D. Theis,1628464,1628464_LAC23_NOP24,0,F/C,F-C,LAC,2023-24,NOP,2024-25,LAC 2023-24 → NOP 2024-25,Cutter / connector,PnR ball-handler / hub,CUT,PNR,249,128,0.034,0.017,0.005,0.001,-0.007,-0.01,Peripheral / replaceable wiring,Peripheral / replaceable wiring,0.434,0.213,0.222,YES
J. Green,1630182,1630182_DAL23_CHA24,0,G,G,DAL,2023-24,CHA,2024-25,DAL 2023-24 → CHA 2024-25,Spot-up / off-ball,Spot-up / off-ball,SPOT_UP,SPOT_UP,410,428,0.055,0.06,0.006,0.006,-0.008,-0.009,Peripheral / replaceable wiring,Peripheral / replaceable wiring,0.597,0.378,0.218,YES
J. Richardson,1626196,1626196_NOP22_MIA23,0,G,G,NOP,2022-23,MIA,2023-24,NOP 2022-23 → MIA 2023-24,Spot-up / off-ball,Spot-up / off-ball,SPOT_UP,SPOT_UP,143,350,0.019,0.047,0.005,0.004,-0.006,-0.009,Peripheral / replaceable wiring,Peripheral / replaceable wiring,-0.186,-0.402,0.216,YES
N. Marshall,1630230,1630230_NOP23_DAL24,0,F/Wing,F,NOP,2023-24,DAL,2024-25,NOP 2023-24 → DAL 2024-25,Spot-up / off-ball,PnR ball-handler / hub,SPOT_UP,PNR,397,734,0.052,0.101,0.002,0.005,-0.012,-0.021,Peripheral / replaceable wiring,Peripheral / replaceable wiring,0.091,-0.121,0.213,YES
S. Fontecchio,1631323,1631323_UTA23_DET23,0,F,Forward,UTA,2023-24,DET,2023-24,UTA 2023-24 → DET 2023-24,Spot-up / off-ball,Spot-up / off-ball,SPOT_UP,SPOT_UP,357,193,0.047,0.025,0.003,0.001,-0.01,-0.01,Peripheral / replaceable wiring,Peripheral / replaceable wiring,0.741,0.531,0.21,YES
H. Barnes,203084,203084_SAC23_SAS24,0,F/Wing,F,SAC,2023-24,SAS,2024-25,SAC 2023-24 → SAS 2024-25,Spot-up / off-ball,Spot-up / off-ball,SPOT_UP,SPOT_UP,773,682,0.101,0.093,0.006,0.003,-0.02,-0.02,Peripheral / replaceable wiring,Peripheral / replaceable wiring,0.265,0.058,0.208,YES
K. Olynyk,203482,203482_UTA23_TOR23,0,F/C,Forward-Center,UTA,2023-24,TOR,2023-24,UTA 2023-24 → TOR 2023-24,Driving creator,PnR ball-handler / hub,DRIVE,PNR,292,266,0.038,0.035,0.003,0.004,-0.01,-0.008,Peripheral / replaceable wiring,Peripheral / replaceable wiring,0.269,0.088,0.18,YES
D. Ayton,1629028,1629028_PHX22_POR23,0,C,C,PHX,2022-23,POR,2023-24,PHX 2022-23 → POR 2023-24,Post hub,Post hub,POST_UP,POST_UP,872,656,0.114,0.09,0.036,0.327,0.006,0.305,Peripheral / replaceable wiring,Hidden structural hub,0.344,0.164,0.18,YES
D. DiVincenzo,1628978,1628978_GSW22_NYK23,0,G,G,GSW,2022-23,NYK,2023-24,GSW 2022-23 → NYK 2023-24,Spot-up / off-ball,Spot-up / off-ball,SPOT_UP,SPOT_UP,547,959,0.071,0.131,0.011,0.026,-0.006,-0.011,Peripheral / replaceable wiring,Peripheral / replaceable wiring,0.298,0.119,0.179,YES
K. Oubre Jr.,1626162,1626162_CHA22_PHI23,0,F/Wing,F-G,CHA,2022-23,PHI,2023-24,CHA 2022-23 → PHI 2023-24,Spot-up / off-ball,PnR ball-handler / hub,SPOT_UP,PNR,895,923,0.115,0.123,0.003,0.011,-0.028,-0.023,Peripheral / replaceable wiring,Peripheral / replaceable wiring,0.239,0.061,0.178,YES
L. Walker IV,1629022,1629022_LAL22_BKN23,0,F/Wing,G-F,LAL,2022-23,BKN,2023-24,LAL 2022-23 → BKN 2023-24,Spot-up / off-ball,Spot-up / off-ball,SPOT_UP,SPOT_UP,567,494,0.072,0.065,0.003,0.002,-0.015,-0.015,Peripheral / replaceable wiring,Peripheral / replaceable wiring,0.479,0.303,0.176,YES
E. Gordon,201569,201569_HOU22_LAC22,0,G,Guard,HOU,2022-23,LAC,2022-23,HOU 2022-23 → LAC 2022-23,Driving creator,Spot-up / off-ball,DRIVE,SPOT_UP,552,198,0.072,0.026,0.01,0.001,-0.008,-0.011,Peripheral / replaceable wiring,Peripheral / replaceable wiring,0.33,0.156,0.174,YES
P. Siakam,1627783,1627783_TOR23_IND23,0,F,Forward,TOR,2023-24,IND,2023-24,TOR 2023-24 → IND 2023-24,PnR ball-handler / hub,PnR ball-handler / hub,PNR,PNR,688,642,0.091,0.082,0.019,0.019,-0.003,-0.001,Peripheral / replaceable wiring,Peripheral / replaceable wiring,0.261,0.088,0.173,YES
C. Paul,101108,101108_PHX22_GSW23,0,G,G,PHX,2022-23,GSW,2023-24,PHX 2022-23 → GSW 2023-24,Pull-up scorer,Pull-up scorer,PULL_UP,PULL_UP,697,426,0.091,0.056,0.036,0.03,0.013,0.016,Peripheral / replaceable wiring,Peripheral / replaceable wiring,0.204,0.034,0.17,YES
D. Jones Jr.,1627884,1627884_CHI22_DAL23,0,F/Wing,F,CHI,2022-23,DAL,2023-24,CHI 2022-23 → DAL 2023-24,Spot-up / off-ball,Spot-up / off-ball,SPOT_UP,SPOT_UP,231,504,0.03,0.067,0.025,0.014,0.013,-0.002,Peripheral / replaceable wiring,Peripheral / replaceable wiring,0.213,0.045,0.167,YES
B. Hyland,1630538,1630538_DEN22_LAC22,0,G,Guard,DEN,2022-23,LAC,2022-23,DEN 2022-23 → LAC 2022-23,Pull-up scorer,Spot-up / off-ball,PULL_UP,SPOT_UP,442,129,0.059,0.017,0.029,0.002,0.014,-0.009,Peripheral / replaceable wiring,Peripheral / replaceable wiring,0.14,-0.025,0.165,YES
K. Lowry,200768,200768_MIA23_PHI23,0,G,Guard,MIA,2023-24,PHI,2023-24,MIA 2023-24 → PHI 2023-24,Spot-up / off-ball,Spot-up / off-ball,SPOT_UP,SPOT_UP,256,152,0.034,0.02,0.004,0.001,-0.008,-0.01,Peripheral / replaceable wiring,Peripheral / replaceable wiring,0.479,0.315,0.163,YES
D. Schröder,203471,203471_GSW24_DET24,0,G,Guard,GSW,2024-25,DET,2024-25,GSW 2024-25 → DET 2024-25,Driving creator,Driving creator,DRIVE,DRIVE,249,264,0.034,0.036,0.005,0.007,-0.007,-0.005,Peripheral / replaceable wiring,Peripheral / replaceable wiring,0.14,-0.022,0.162,YES
Q. Grimes,1629656,1629656_NYK23_DAL24,0,G,Guard,NYK,2023-24,DAL,2024-25,NYK 2023-24 → DAL 2024-25,Spot-up / off-ball,Spot-up / off-ball,SPOT_UP,SPOT_UP,264,364,0.036,0.05,0.006,0.006,-0.006,-0.008,Peripheral / replaceable wiring,Peripheral / replaceable wiring,0.319,0.157,0.162,YES
P. Mills,201988,201988_MIA23_UTA24,0,G,G,MIA,2023-24,UTA,2024-25,MIA 2023-24 → UTA 2024-25,Spot-up / off-ball,Spot-up / off-ball,SPOT_UP,SPOT_UP,83,73,0.011,0.01,0.001,0.009,-0.01,-0.002,Peripheral / replaceable wiring,Peripheral / replaceable wiring,0.454,0.293,0.161,YES
D. McDermott,203926,203926_SAS23_IND23,0,F,Forward,SAS,2023-24,IND,2023-24,SAS 2023-24 → IND 2023-24,Spot-up / off-ball,Spot-up / off-ball,SPOT_UP,SPOT_UP,204,64,0.026,0.008,0.003,0.002,-0.008,-0.009,Peripheral / replaceable wiring,Peripheral / replaceable wiring,0.015,-0.138,0.153,YES
T. Prince,1627752,1627752_LAL23_MIL24,0,F/Wing,F,LAL,2023-24,MIL,2024-25,LAL 2023-24 → MIL 2024-25,Spot-up / off-ball,Spot-up / off-ball,SPOT_UP,SPOT_UP,619,531,0.079,0.071,0.005,0.007,-0.014,-0.011,Peripheral / replaceable wiring,Peripheral / replaceable wiring,0.619,0.469,0.149,YES
T. Ross,203082,203082_ORL22_PHX22,0,F,Guard-Forward,ORL,2022-23,PHX,2022-23,ORL 2022-23 → PHX 2022-23,Spot-up / off-ball,Spot-up / off-ball,SPOT_UP,SPOT_UP,312,162,0.041,0.021,0.024,0.004,0.011,-0.007,Peripheral / replaceable wiring,Peripheral / replaceable wiring,0.152,0.01,0.142,YES
D. Fox,1628368,1628368_SAC24_SAS24,0,G,Guard,SAC,2024-25,SAS,2024-25,SAC 2024-25 → SAS 2024-25,Driving creator,Driving creator,DRIVE,DRIVE,927,295,0.126,0.04,0.02,0.008,-0.015,-0.004,Peripheral / replaceable wiring,Peripheral / replaceable wiring,0.519,0.381,0.138,YES
N. Little,1629642,1629642_POR22_PHX23,0,F/Wing,F-G,POR,2022-23,PHX,2023-24,POR 2022-23 → PHX 2023-24,Spot-up / off-ball,Spot-up / off-ball,SPOT_UP,SPOT_UP,301,140,0.04,0.019,0.001,0.003,-0.012,-0.009,Peripheral / replaceable wiring,Peripheral / replaceable wiring,-0.195,-0.333,0.137,YES
T. Hardaway Jr.,203501,203501_DAL23_DET24,0,F/Wing,G-F,DAL,2023-24,DET,2024-25,DAL 2023-24 → DET 2024-25,Spot-up / off-ball,Spot-up / off-ball,SPOT_UP,SPOT_UP,980,691,0.131,0.094,0.015,0.021,-0.021,-0.002,Peripheral / replaceable wiring,Peripheral / replaceable wiring,0.105,-0.031,0.136,YES
D. Bertans,202722,202722_DAL22_CHA23,0,F/Wing,F,DAL,2022-23,CHA,2023-24,DAL 2022-23 → CHA 2023-24,Spot-up / off-ball,Spot-up / off-ball,SPOT_UP,SPOT_UP,155,194,0.021,0.026,0.004,0.014,-0.007,0.003,Peripheral / replaceable wiring,Peripheral / replaceable wiring,0.467,0.333,0.134,YES
V. Micić,203995,203995_OKC23_CHA23,0,?,?,OKC,2023-24,CHA,2023-24,OKC 2023-24 → CHA 2023-24,Driving creator,Driving creator,DRIVE,DRIVE,103,317,0.014,0.043,0.001,0.005,-0.01,-0.008,Peripheral / replaceable wiring,Peripheral / replaceable wiring,-0.104,-0.236,0.133,YES
S. Milton,1629003,1629003_MIN23_BKN24,0,F,Forward,MIN,2023-24,BKN,2024-25,MIN 2023-24 → BKN 2024-25,PnR ball-handler / hub,Driving creator,PNR,DRIVE,182,162,0.025,0.023,0.006,0.001,-0.005,-0.01,Peripheral / replaceable wiring,Peripheral / replaceable wiring,0.588,0.46,0.128,YES
J. Green,201145,201145_DEN22_HOU23,0,F/Wing,F,DEN,2022-23,HOU,2023-24,DEN 2022-23 → HOU 2023-24,Spot-up / off-ball,PnR ball-handler / hub,SPOT_UP,PNR,355,415,0.047,0.053,0.006,0.008,-0.007,-0.006,Peripheral / replaceable wiring,Peripheral / replaceable wiring,0.132,0.009,0.124,YES
L. Kennard,1628379,1628379_LAC22_MEM22,0,G,Guard,LAC,2022-23,MEM,2022-23,LAC 2022-23 → MEM 2022-23,Spot-up / off-ball,Spot-up / off-ball,SPOT_UP,SPOT_UP,229,179,0.03,0.023,0.001,0.007,-0.01,-0.004,Peripheral / replaceable wiring,Peripheral / replaceable wiring,-0.23,-0.354,0.124,YES
G. Williams,1629684,1629684_DAL23_CHA23,0,F,Forward,DAL,2023-24,CHA,2023-24,DAL 2023-24 → CHA 2023-24,Spot-up / off-ball,Spot-up / off-ball,SPOT_UP,SPOT_UP,299,301,0.04,0.041,0.005,0.003,-0.007,-0.009,Peripheral / replaceable wiring,Peripheral / replaceable wiring,0.582,0.457,0.124,YES
G. Niang,1627777,1627777_CLE24_ATL24,0,F,Forward,CLE,2024-25,ATL,2024-25,CLE 2024-25 → ATL 2024-25,Spot-up / off-ball,Spot-up / off-ball,SPOT_UP,SPOT_UP,350,278,0.047,0.036,0.004,0.007,-0.009,-0.005,Peripheral / replaceable wiring,Peripheral / replaceable wiring,0.356,0.234,0.122,YES
P. George,202331,202331_LAC23_PHI24,0,F/Wing,F,LAC,2023-24,PHI,2024-25,LAC 2023-24 → PHI 2024-25,Pull-up scorer,PnR ball-handler / hub,PULL_UP,PNR,1261,591,0.174,0.081,0.015,0.013,-0.045,-0.007,"High-usage, low structural influence",Peripheral / replaceable wiring,-0.151,-0.268,0.118,YES
I. Quickley,1630193,1630193_NYK23_TOR23,0,G,Guard,NYK,2023-24,TOR,2023-24,NYK 2023-24 → TOR 2023-24,Driving creator,Driving creator,DRIVE,DRIVE,367,606,0.05,0.08,0.004,0.008,-0.01,-0.012,Peripheral / replaceable wiring,Peripheral / replaceable wiring,0.082,-0.036,0.117,YES
D. Schröder,203471,203471_BKN24_GSW24,0,G,Guard,BKN,2024-25,GSW,2024-25,BKN 2024-25 → GSW 2024-25,Driving creator,Driving creator,DRIVE,DRIVE,345,249,0.048,0.034,0.01,0.005,-0.003,-0.007,Peripheral / replaceable wiring,Peripheral / replaceable wiring,-0.153,-0.266,0.113,YES
Z. Collins,1628380,1628380_SAS24_CHI24,0,F/C,Forward-Center,SAS,2024-25,CHI,2024-25,SAS 2024-25 → CHI 2024-25,Spot-up / off-ball,Spot-up / off-ball,SPOT_UP,SPOT_UP,138,164,0.019,0.022,0.006,0.009,-0.005,-0.002,Peripheral / replaceable wiring,Peripheral / replaceable wiring,0.03,-0.076,0.106,YES
R. Hampton,1630181,1630181_ORL22_DET22,0,G,Guard,ORL,2022-23,DET,2022-23,ORL 2022-23 → DET 2022-23,Driving creator,Spot-up / off-ball,DRIVE,SPOT_UP,117,141,0.015,0.018,0.015,0.004,0.004,-0.007,Peripheral / replaceable wiring,Peripheral / replaceable wiring,-0.077,-0.182,0.105,YES
C. Payne,1626166,1626166_MIL23_PHI23,0,G,Guard,MIL,2023-24,PHI,2023-24,MIL 2023-24 → PHI 2023-24,Spot-up / off-ball,Driving creator,SPOT_UP,DRIVE,254,273,0.033,0.036,0.003,0.002,-0.008,-0.01,Peripheral / replaceable wiring,Peripheral / replaceable wiring,0.074,-0.03,0.104,YES
D. Avdija,1630166,1630166_WAS23_POR24,0,F/Wing,F,WAS,2023-24,POR,2024-25,WAS 2023-24 → POR 2024-25,Driving creator,Driving creator,DRIVE,DRIVE,925,985,0.117,0.133,0.09,0.006,0.059,-0.032,Standard role occupant,Peripheral / replaceable wiring,0.162,0.059,0.103,YES
J. Nwora,1629670,1629670_IND23_TOR23,0,F,Forward,IND,2023-24,TOR,2023-24,IND 2023-24 → TOR 2023-24,Transition initiator,PnR ball-handler / hub,TRANSITION,PNR,77,228,0.01,0.03,0.001,0.003,-0.01,-0.008,Peripheral / replaceable wiring,Peripheral / replaceable wiring,0.241,0.149,0.092,YES
D. DiVincenzo,1628978,1628978_NYK23_MIN24,0,G,G,NYK,2023-24,MIN,2024-25,NYK 2023-24 → MIN 2024-25,Spot-up / off-ball,Spot-up / off-ball,SPOT_UP,SPOT_UP,959,582,0.131,0.08,0.026,0.003,-0.011,-0.017,Peripheral / replaceable wiring,Peripheral / replaceable wiring,0.541,0.452,0.088,YES
K. Nunn,1629134,1629134_LAL22_WAS22,0,G,Guard,LAL,2022-23,WAS,2022-23,LAL 2022-23 → WAS 2022-23,Spot-up / off-ball,Driving creator,SPOT_UP,DRIVE,254,202,0.032,0.026,0.004,0.001,-0.008,-0.01,Peripheral / replaceable wiring,Peripheral / replaceable wiring,0.526,0.44,0.086,YES
N. Batum,201587,201587_LAC22_PHI23,0,F/Wing,G-F,LAC,2022-23,PHI,2023-24,LAC 2022-23 → PHI 2023-24,Spot-up / off-ball,Spot-up / off-ball,SPOT_UP,SPOT_UP,347,213,0.046,0.028,0.01,0.013,-0.003,0.002,Peripheral / replaceable wiring,Peripheral / replaceable wiring,0.454,0.371,0.083,YES
G. Allen,1628960,1628960_MIL22_PHX23,0,G,G,MIL,2022-23,PHX,2023-24,MIL 2022-23 → PHX 2023-24,Spot-up / off-ball,Spot-up / off-ball,SPOT_UP,SPOT_UP,615,682,0.078,0.091,0.026,0.019,0.007,-0.003,Peripheral / replaceable wiring,Peripheral / replaceable wiring,0.196,0.114,0.082,YES
P. Beverley,201976,201976_CHI22_PHI23,0,G,G,CHI,2022-23,PHI,2023-24,CHI 2022-23 → PHI 2023-24,Spot-up / off-ball,Driving creator,SPOT_UP,DRIVE,134,252,0.018,0.034,0.004,0.002,-0.007,-0.01,Peripheral / replaceable wiring,Peripheral / replaceable wiring,0.088,0.007,0.081,YES
S. Milton,1629003,1629003_PHI22_MIN23,0,F/Wing,G-F,PHI,2022-23,MIN,2023-24,PHI 2022-23 → MIN 2023-24,Driving creator,PnR ball-handler / hub,DRIVE,PNR,576,182,0.079,0.025,0.006,0.006,-0.013,-0.005,Peripheral / replaceable wiring,Peripheral / replaceable wiring,0.244,0.162,0.081,YES
K. Thompson,202691,202691_GSW23_DAL24,0,G,G,GSW,2023-24,DAL,2024-25,GSW 2023-24 → DAL 2024-25,Spot-up / off-ball,Spot-up / off-ball,SPOT_UP,SPOT_UP,1149,847,0.151,0.117,0.011,0.029,-0.035,-0.002,"High-usage, low structural influence",Peripheral / replaceable wiring,0.153,0.073,0.08,YES
D. Graham,1628984,1628984_NOP22_SAS22,0,G,Guard,NOP,2022-23,SAS,2022-23,NOP 2022-23 → SAS 2022-23,Spot-up / off-ball,PnR ball-handler / hub,SPOT_UP,PNR,254,212,0.033,0.027,0.002,0.007,-0.009,-0.004,Peripheral / replaceable wiring,Peripheral / replaceable wiring,0.459,0.383,0.077,YES
C. Paul,101108,101108_GSW23_SAS24,0,G,G,GSW,2023-24,SAS,2024-25,GSW 2023-24 → SAS 2024-25,Pull-up scorer,PnR ball-handler / hub,PULL_UP,PNR,426,520,0.056,0.071,0.03,0.049,0.016,0.032,Peripheral / replaceable wiring,Standard role occupant,0.204,0.129,0.076,YES
J. Holiday,201950,201950_MIL22_BOS23,0,G,G,MIL,2022-23,BOS,2023-24,MIL 2022-23 → BOS 2023-24,Driving creator,Pull-up scorer,DRIVE,PULL_UP,1029,664,0.13,0.088,0.048,0.002,0.011,-0.02,Standard role occupant,Peripheral / replaceable wiring,-0.008,-0.075,0.067,YES
P. Achiuwa,1630173,1630173_TOR23_NYK23,0,F,Forward,TOR,2023-24,NYK,2023-24,TOR 2023-24 → NYK 2023-24,PnR ball-handler / hub,PnR ball-handler / hub,PNR,PNR,163,245,0.022,0.034,0.002,0.002,-0.009,-0.01,Peripheral / replaceable wiring,Peripheral / replaceable wiring,-0.146,-0.211,0.065,YES
D. Barlow,1631230,1631230_SAS23_ATL24,0,F/Wing,F,SAS,2023-24,ATL,2024-25,SAS 2023-24 → ATL 2024-25,Pull-up scorer,Cutter / connector,PULL_UP,CUT,95,108,0.012,0.014,0.004,0.003,-0.007,-0.008,Peripheral / replaceable wiring,Peripheral / replaceable wiring,0.238,0.175,0.062,YES
S. Dinwiddie,203915,203915_LAL23_DAL24,0,G,G,LAL,2023-24,DAL,2024-25,LAL 2023-24 → DAL 2024-25,Spot-up / off-ball,Driving creator,SPOT_UP,DRIVE,143,700,0.018,0.096,0.001,0.005,-0.01,-0.019,Peripheral / replaceable wiring,Peripheral / replaceable wiring,-0.336,-0.398,0.062,YES
M. Brogdon,1627763,1627763_POR23_WAS24,0,G,G,POR,2023-24,WAS,2024-25,POR 2023-24 → WAS 2024-25,Driving creator,Driving creator,DRIVE,DRIVE,508,271,0.07,0.037,0.013,0.046,-0.004,0.033,Peripheral / replaceable wiring,Standard role occupant,0.339,0.281,0.059,YES
C. Martin,1628997,1628997_MIA23_PHI24,0,F/Wing,F,MIA,2023-24,PHI,2024-25,MIA 2023-24 → PHI 2024-25,Spot-up / off-ball,PnR ball-handler / hub,SPOT_UP,PNR,535,256,0.072,0.035,0.006,0.002,-0.012,-0.01,Peripheral / replaceable wiring,Peripheral / replaceable wiring,-0.156,-0.214,0.058,YES
B. Brown,1628971,1628971_IND23_TOR23,0,F,Forward,IND,2023-24,TOR,2023-24,IND 2023-24 → TOR 2023-24,PnR ball-handler / hub,PnR ball-handler / hub,PNR,PNR,352,304,0.045,0.04,0.004,0.001,-0.009,-0.012,Peripheral / replaceable wiring,Peripheral / replaceable wiring,0.43,0.375,0.056,YES
Y. Watanabe,1629139,1629139_BKN22_PHX23,0,F/Wing,G-F,BKN,2022-23,PHX,2023-24,BKN 2022-23 → PHX 2023-24,Spot-up / off-ball,Spot-up / off-ball,SPOT_UP,SPOT_UP,236,86,0.032,0.011,0.005,0.003,-0.007,-0.008,Peripheral / replaceable wiring,Peripheral / replaceable wiring,0.638,0.582,0.056,YES
R. Jackson,202704,202704_DEN23_PHI24,0,G,G,DEN,2023-24,PHI,2024-25,DEN 2023-24 → PHI 2024-25,Driving creator,Spot-up / off-ball,DRIVE,SPOT_UP,796,134,0.106,0.018,0.028,0.004,0.001,-0.007,Peripheral / replaceable wiring,Peripheral / replaceable wiring,-0.065,-0.119,0.054,YES
R. O'Neale,1626220,1626220_BKN23_PHX23,0,F,Forward,BKN,2023-24,PHX,2023-24,BKN 2023-24 → PHX 2023-24,Spot-up / off-ball,Spot-up / off-ball,SPOT_UP,SPOT_UP,326,212,0.043,0.028,0.002,0.002,-0.011,-0.009,Peripheral / replaceable wiring,Peripheral / replaceable wiring,0.535,0.482,0.054,YES
J. Holiday,203200,203200_DAL22_DEN23,0,F/Wing,F-G,DAL,2022-23,DEN,2023-24,DAL 2022-23 → DEN 2023-24,Spot-up / off-ball,Spot-up / off-ball,SPOT_UP,SPOT_UP,80,180,0.011,0.024,0.004,0.017,-0.007,0.006,Peripheral / replaceable wiring,Peripheral / replaceable wiring,0.015,-0.038,0.053,YES
K. Edwards,1630556,1630556_SAC23_DAL24,0,F/Wing,F,SAC,2023-24,DAL,2024-25,SAC 2023-24 → DAL 2024-25,Spot-up / off-ball,Spot-up / off-ball,SPOT_UP,SPOT_UP,69,125,0.009,0.017,0.003,0.002,-0.008,-0.009,Peripheral / replaceable wiring,Peripheral / replaceable wiring,0.114,0.062,0.052,YES
P. Mills,201988,201988_ATL23_MIA23,0,G,Guard,ATL,2023-24,MIA,2023-24,ATL 2023-24 → MIA 2023-24,Spot-up / off-ball,Spot-up / off-ball,SPOT_UP,SPOT_UP,52,83,0.007,0.011,0.003,0.001,-0.008,-0.01,Peripheral / replaceable wiring,Peripheral / replaceable wiring,-0.117,-0.165,0.047,YES
J. Vanderbilt,1629020,1629020_UTA22_LAL22,0,F,Forward,UTA,2022-23,LAL,2022-23,UTA 2022-23 → LAL 2022-23,Cutter / connector,Cutter / connector,CUT,CUT,312,138,0.04,0.018,0.005,0.002,-0.007,-0.009,Peripheral / replaceable wiring,Peripheral / replaceable wiring,-0.664,-0.703,0.038,YES
K. Towns,1626157,1626157_MIN23_NYK24,0,F/C,C-F,MIN,2023-24,NYK,2024-25,MIN 2023-24 → NYK 2024-25,Driving creator,PnR ball-handler / hub,DRIVE,PNR,1105,1224,0.149,0.17,0.008,0.009,-0.037,-0.048,Peripheral / replaceable wiring,"High-usage, low structural influence",0.018,-0.017,0.035,YES
K. Martin,1630231,1630231_PHI24_UTA24,0,F,Forward,PHI,2024-25,UTA,2024-25,PHI 2024-25 → UTA 2024-25,Transition initiator,Spot-up / off-ball,TRANSITION,SPOT_UP,105,107,0.014,0.015,0.004,0.013,-0.007,0.002,Peripheral / replaceable wiring,Peripheral / replaceable wiring,-0.6,-0.633,0.033,YES
D. Mitchell,1630558,1630558_TOR24_MIA24,0,G,Guard,TOR,2024-25,MIA,2024-25,TOR 2024-25 → MIA 2024-25,Driving creator,Driving creator,DRIVE,DRIVE,274,250,0.037,0.034,0.008,0.006,-0.004,-0.006,Peripheral / replaceable wiring,Peripheral / replaceable wiring,-0.072,-0.102,0.029,YES
D. Banton,1630625,1630625_BOS23_POR23,0,F,Forward,BOS,2023-24,POR,2023-24,BOS 2023-24 → POR 2023-24,Driving creator,Driving creator,DRIVE,DRIVE,50,446,0.007,0.061,0.001,0.013,-0.01,-0.003,Peripheral / replaceable wiring,Peripheral / replaceable wiring,-0.279,-0.306,0.026,YES
M. Beasley,1627736,1627736_LAL22_MIL23,0,G,G,LAL,2022-23,MIL,2023-24,LAL 2022-23 → MIL 2023-24,Spot-up / off-ball,Spot-up / off-ball,SPOT_UP,SPOT_UP,270,692,0.034,0.089,0.005,0.013,-0.007,-0.008,Peripheral / replaceable wiring,Peripheral / replaceable wiring,0.654,0.628,0.026,YES
C. Payne,1626166,1626166_PHX22_MIL23,0,G,G,PHX,2022-23,MIL,2023-24,PHX 2022-23 → MIL 2023-24,Driving creator,Spot-up / off-ball,DRIVE,SPOT_UP,456,254,0.06,0.033,0.013,0.003,-0.003,-0.008,Peripheral / replaceable wiring,Peripheral / replaceable wiring,-0.203,-0.228,0.025,YES
J. Valančiūnas,202685,202685_WAS24_SAC24,0,C,Center,WAS,2024-25,SAC,2024-25,WAS 2024-25 → SAC 2024-25,Post hub,Post hub,POST_UP,POST_UP,380,173,0.052,0.024,0.131,0.005,0.117,-0.007,Hidden structural hub,Peripheral / replaceable wiring,0.134,0.11,0.024,YES
K. Bates-Diop,1628966,1628966_SAS22_PHX23,0,F/Wing,F,SAS,2022-23,PHX,2023-24,SAS 2022-23 → PHX 2023-24,Driving creator,Spot-up / off-ball,DRIVE,SPOT_UP,483,146,0.061,0.019,0.004,0.004,-0.012,-0.007,Peripheral / replaceable wiring,Peripheral / replaceable wiring,-0.626,-0.645,0.019,YES
D. Finney-Smith,1627827,1627827_DAL22_BKN22,0,F,Forward,DAL,2022-23,BKN,2022-23,DAL 2022-23 → BKN 2022-23,Spot-up / off-ball,Spot-up / off-ball,SPOT_UP,SPOT_UP,294,180,0.04,0.024,0.01,0.005,-0.002,-0.007,Peripheral / replaceable wiring,Peripheral / replaceable wiring,0.709,0.69,0.019,YES
T. Warren,203933,203933_BKN22_PHX22,0,F,Forward,BKN,2022-23,PHX,2022-23,BKN 2022-23 → PHX 2022-23,PnR ball-handler / hub,Spot-up / off-ball,PNR,SPOT_UP,206,54,0.028,0.007,0.004,0.008,-0.007,-0.003,Peripheral / replaceable wiring,Peripheral / replaceable wiring,-0.113,-0.131,0.018,YES
A. Wiggins,203952,203952_GSW24_MIA24,0,G,Guard,GSW,2024-25,MIA,2024-25,GSW 2024-25 → MIA 2024-25,Driving creator,Driving creator,DRIVE,DRIVE,607,260,0.083,0.036,0.008,0.005,-0.012,-0.007,Peripheral / replaceable wiring,Peripheral / replaceable wiring,0.114,0.102,0.011,YES
K. Dunn,1627739,1627739_UTA23_LAC24,0,G,G,UTA,2023-24,LAC,2024-25,UTA 2023-24 → LAC 2024-25,Driving creator,Spot-up / off-ball,DRIVE,SPOT_UP,327,441,0.043,0.062,0.005,0.015,-0.007,-0.0,Peripheral / replaceable wiring,Peripheral / replaceable wiring,-0.328,-0.339,0.011,YES
D. Eubanks,1629234,1629234_PHX23_UTA24,0,F/C,F-C,PHX,2023-24,UTA,2024-25,PHX 2023-24 → UTA 2024-25,Cutter / connector,Cutter / connector,CUT,CUT,269,156,0.036,0.021,0.072,0.033,0.06,0.021,Standard role occupant,Peripheral / replaceable wiring,0.681,0.671,0.01,YES
K. Love,201567,201567_CLE22_MIA22,0,F/C,Forward-Center,CLE,2022-23,MIA,2022-23,CLE 2022-23 → MIA 2022-23,Spot-up / off-ball,Spot-up / off-ball,SPOT_UP,SPOT_UP,282,137,0.038,0.018,0.004,0.001,-0.008,-0.01,Peripheral / replaceable wiring,Peripheral / replaceable wiring,0.088,0.079,0.008,YES
J. Goodwin,1630692,1630692_PHX23_MEM23,0,G,Guard,PHX,2023-24,MEM,2023-24,PHX 2023-24 → MEM 2023-24,Driving creator,Driving creator,DRIVE,DRIVE,165,162,0.022,0.022,0.002,0.005,-0.009,-0.007,Peripheral / replaceable wiring,Peripheral / replaceable wiring,0.251,0.246,0.005,YES
M. Beasley,1627736,1627736_UTA22_LAL22,0,G,Guard,UTA,2022-23,LAL,2022-23,UTA 2022-23 → LAL 2022-23,Spot-up / off-ball,Spot-up / off-ball,SPOT_UP,SPOT_UP,661,270,0.085,0.034,0.013,0.005,-0.008,-0.007,Peripheral / replaceable wiring,Peripheral / replaceable wiring,0.732,0.727,0.005,YES
R. Covington,203496,203496_LAC22_PHI23,0,F/Wing,F,LAC,2022-23,PHI,2023-24,LAC 2022-23 → PHI 2023-24,Spot-up / off-ball,Spot-up / off-ball,SPOT_UP,SPOT_UP,239,86,0.032,0.011,0.003,0.005,-0.009,-0.006,Peripheral / replaceable wiring,Peripheral / replaceable wiring,0.128,0.125,0.003,YES
M. Muscala,203488,203488_BOS22_WAS23,0,F/C,F-C,BOS,2022-23,WAS,2023-24,BOS 2022-23 → WAS 2023-24,Spot-up / off-ball,Spot-up / off-ball,SPOT_UP,SPOT_UP,87,79,0.011,0.01,0.001,0.008,-0.01,-0.003,Peripheral / replaceable wiring,Peripheral / replaceable wiring,-0.367,-0.369,0.002,YES
L. Stevens,1630205,1630205_CLE22_MEM23,0,F/Wing,F,CLE,2022-23,MEM,2023-24,CLE 2022-23 → MEM 2023-24,Spot-up / off-ball,Post hub,SPOT_UP,POST_UP,301,190,0.04,0.025,0.002,0.004,-0.01,-0.007,Peripheral / replaceable wiring,Peripheral / replaceable wiring,0.087,0.086,0.001,YES
T. Brown Jr.,1628972,1628972_MIN23_DET23,0,F,Guard-Forward,MIN,2023-24,DET,2023-24,MIN 2023-24 → DET 2023-24,Spot-up / off-ball,Spot-up / off-ball,SPOT_UP,SPOT_UP,130,116,0.018,0.015,0.002,0.002,-0.009,-0.009,Peripheral / replaceable wiring,Peripheral / replaceable wiring,0.572,0.574,-0.002,NO
D. McDermott,203926,203926_IND23_SAC24,0,F/Wing,F,IND,2023-24,SAC,2024-25,IND 2023-24 → SAC 2024-25,Spot-up / off-ball,Spot-up / off-ball,SPOT_UP,SPOT_UP,64,108,0.008,0.015,0.002,0.003,-0.009,-0.008,Peripheral / replaceable wiring,Peripheral / replaceable wiring,0.008,0.014,-0.006,NO
J. Nurkić,203994,203994_PHX24_CHA24,0,C,Center,PHX,2024-25,CHA,2024-25,PHX 2024-25 → CHA 2024-25,PnR ball-handler / hub,PnR ball-handler / hub,PNR,PNR,187,199,0.026,0.028,0.007,0.005,-0.005,-0.006,Peripheral / replaceable wiring,Peripheral / replaceable wiring,0.353,0.364,-0.011,NO
K. Martin,1630231,1630231_HOU22_PHI23,0,F/Wing,F,HOU,2022-23,PHI,2023-24,HOU 2022-23 → PHI 2023-24,Cutter / connector,Transition initiator,CUT,TRANSITION,751,141,0.099,0.019,0.034,0.048,0.01,0.037,Peripheral / replaceable wiring,Standard role occupant,0.131,0.148,-0.018,NO
J. Carter,1628975,1628975_MIL22_CHI23,0,G,G,MIL,2022-23,CHI,2023-24,MIL 2022-23 → CHI 2023-24,Pull-up scorer,Spot-up / off-ball,PULL_UP,SPOT_UP,545,359,0.069,0.049,0.04,0.009,0.023,-0.004,Peripheral / replaceable wiring,Peripheral / replaceable wiring,0.034,0.053,-0.019,NO
K. Anderson,203937,203937_GSW24_MIA24,0,G,Guard,GSW,2024-25,MIA,2024-25,GSW 2024-25 → MIA 2024-25,Driving creator,Driving creator,DRIVE,DRIVE,161,129,0.022,0.018,0.006,0.001,-0.005,-0.01,Peripheral / replaceable wiring,Peripheral / replaceable wiring,-0.079,-0.057,-0.022,NO
J. Rhoden,1631197,1631197_DET23_TOR24,0,G,G,DET,2023-24,TOR,2024-25,DET 2023-24 → TOR 2024-25,Spot-up / off-ball,Transition initiator,SPOT_UP,TRANSITION,69,81,0.009,0.011,0.0,0.009,-0.011,-0.002,Peripheral / replaceable wiring,Peripheral / replaceable wiring,-0.03,-0.007,-0.023,NO
E. Gordon,201569,201569_LAC22_PHX23,0,G,G,LAC,2022-23,PHX,2023-24,LAC 2022-23 → PHX 2023-24,Spot-up / off-ball,Spot-up / off-ball,SPOT_UP,SPOT_UP,198,631,0.026,0.084,0.001,0.015,-0.011,-0.006,Peripheral / replaceable wiring,Peripheral / replaceable wiring,0.684,0.715,-0.03,NO
C. Johnson,1629661,1629661_PHX22_BKN22,0,F,Forward,PHX,2022-23,BKN,2022-23,PHX 2022-23 → BKN 2022-23,Spot-up / off-ball,Spot-up / off-ball,SPOT_UP,SPOT_UP,175,335,0.023,0.045,0.011,0.005,0.0,-0.008,Peripheral / replaceable wiring,Peripheral / replaceable wiring,0.44,0.473,-0.033,NO
J. Nowell,1629669,1629669_MEM23_NOP24,0,G,Guard,MEM,2023-24,NOP,2024-25,MEM 2023-24 → NOP 2024-25,Spot-up / off-ball,Post hub,SPOT_UP,POST_UP,54,63,0.007,0.009,0.002,0.004,-0.009,-0.008,Peripheral / replaceable wiring,Peripheral / replaceable wiring,0.135,0.172,-0.036,NO
D. Schröder,203471,203471_TOR23_BKN23,0,G,Guard,TOR,2023-24,BKN,2023-24,TOR 2023-24 → BKN 2023-24,Driving creator,Driving creator,DRIVE,DRIVE,575,397,0.076,0.053,0.004,0.001,-0.015,-0.013,Peripheral / replaceable wiring,Peripheral / replaceable wiring,0.483,0.525,-0.042,NO
J. Goodwin,1630692,1630692_WAS22_PHX23,0,G,G,WAS,2022-23,PHX,2023-24,WAS 2022-23 → PHX 2023-24,Driving creator,Driving creator,DRIVE,DRIVE,338,165,0.044,0.022,0.003,0.002,-0.01,-0.009,Peripheral / replaceable wiring,Peripheral / replaceable wiring,0.108,0.153,-0.045,NO
S. Mykhailiuk,1629004,1629004_BOS23_UTA24,0,F/Wing,G-F,BOS,2023-24,UTA,2024-25,BOS 2023-24 → UTA 2024-25,Spot-up / off-ball,PnR ball-handler / hub,SPOT_UP,PNR,134,286,0.018,0.039,0.002,0.003,-0.009,-0.009,Peripheral / replaceable wiring,Peripheral / replaceable wiring,-0.117,-0.07,-0.046,NO
D. Šarić,203967,203967_PHX22_OKC22,0,F/C,Forward-Center,PHX,2022-23,OKC,2022-23,PHX 2022-23 → OKC 2022-23,Spot-up / off-ball,Spot-up / off-ball,SPOT_UP,SPOT_UP,189,110,0.025,0.014,0.001,0.042,-0.01,0.031,Peripheral / replaceable wiring,Standard role occupant,-0.001,0.046,-0.047,NO
A. Burks,202692,202692_DET23_NYK23,0,G,Guard,DET,2023-24,NYK,2023-24,DET 2023-24 → NYK 2023-24,Spot-up / off-ball,Pull-up scorer,SPOT_UP,PULL_UP,423,159,0.056,0.022,0.005,0.002,-0.009,-0.01,Peripheral / replaceable wiring,Peripheral / replaceable wiring,-0.012,0.035,-0.047,NO
D. Melton,1629001,1629001_PHI23_GSW24,0,G,G,PHI,2023-24,GSW,2024-25,PHI 2023-24 → GSW 2024-25,Spot-up / off-ball,Spot-up / off-ball,SPOT_UP,SPOT_UP,363,53,0.048,0.007,0.008,0.003,-0.005,-0.008,Peripheral / replaceable wiring,Peripheral / replaceable wiring,0.023,0.074,-0.051,NO
M. Bridges,1628969,1628969_PHX22_BKN22,0,F,Guard-Forward,PHX,2022-23,BKN,2022-23,PHX 2022-23 → BKN 2022-23,Spot-up / off-ball,PnR ball-handler / hub,SPOT_UP,PNR,820,590,0.107,0.079,0.013,0.01,-0.014,-0.009,Peripheral / replaceable wiring,Peripheral / replaceable wiring,-0.781,-0.729,-0.052,NO
M. Ryan,1630346,1630346_MIN22_NOP23,0,F/Wing,F,MIN,2022-23,NOP,2023-24,MIN 2022-23 → NOP 2023-24,Spot-up / off-ball,Spot-up / off-ball,SPOT_UP,SPOT_UP,59,110,0.008,0.014,0.016,0.003,0.005,-0.008,Peripheral / replaceable wiring,Peripheral / replaceable wiring,-0.184,-0.13,-0.054,NO
G. Hayward,202330,202330_CHA23_OKC23,0,F,Forward,CHA,2023-24,OKC,2023-24,CHA 2023-24 → OKC 2023-24,PnR ball-handler / hub,PnR ball-handler / hub,PNR,PNR,328,119,0.044,0.016,0.004,0.002,-0.009,-0.009,Peripheral / replaceable wiring,Peripheral / replaceable wiring,-0.065,-0.01,-0.054,NO
P. Beverley,201976,201976_PHI23_MIL23,0,G,Guard,PHI,2023-24,MIL,2023-24,PHI 2023-24 → MIL 2023-24,Driving creator,Spot-up / off-ball,DRIVE,SPOT_UP,252,152,0.034,0.02,0.002,0.001,-0.01,-0.01,Peripheral / replaceable wiring,Peripheral / replaceable wiring,0.043,0.101,-0.058,NO
O. Toppin,1630167,1630167_NYK22_IND23,0,F/Wing,F,NYK,2022-23,IND,2023-24,NYK 2022-23 → IND 2023-24,Spot-up / off-ball,Spot-up / off-ball,SPOT_UP,SPOT_UP,415,587,0.055,0.075,0.005,0.023,-0.009,0.005,Peripheral / replaceable wiring,Peripheral / replaceable wiring,0.266,0.324,-0.059,NO
T. Bryant,1628418,1628418_LAL22_DEN22,0,F/C,Center-Forward,LAL,2022-23,DEN,2022-23,LAL 2022-23 → DEN 2022-23,PnR ball-handler / hub,PnR ball-handler / hub,PNR,PNR,296,67,0.038,0.009,0.003,0.004,-0.009,-0.007,Peripheral / replaceable wiring,Peripheral / replaceable wiring,-0.256,-0.194,-0.062,NO
J. Giddey,1630581,1630581_OKC23_CHI24,0,G,G,OKC,2023-24,CHI,2024-25,OKC 2023-24 → CHI 2024-25,Driving creator,Driving creator,DRIVE,DRIVE,904,887,0.119,0.117,0.005,0.011,-0.027,-0.021,Peripheral / replaceable wiring,Peripheral / replaceable wiring,0.169,0.231,-0.062,NO
C. Reddish,1629629,1629629_POR22_LAL23,0,F/Wing,F-G,POR,2022-23,LAL,2023-24,POR 2022-23 → LAL 2023-24,Driving creator,Spot-up / off-ball,DRIVE,SPOT_UP,203,250,0.027,0.032,0.003,0.001,-0.008,-0.01,Peripheral / replaceable wiring,Peripheral / replaceable wiring,-0.234,-0.171,-0.063,NO
L. Waters III,1630322,1630322_OKC23_GSW24,0,F/Wing,F,OKC,2023-24,GSW,2024-25,OKC 2023-24 → GSW 2024-25,Spot-up / off-ball,Spot-up / off-ball,SPOT_UP,SPOT_UP,99,188,0.013,0.026,0.001,0.002,-0.01,-0.01,Peripheral / replaceable wiring,Peripheral / replaceable wiring,0.031,0.099,-0.068,NO
J. Ingles,204060,204060_MIL22_ORL23,0,F/Wing,F-G,MIL,2022-23,ORL,2023-24,MIL 2022-23 → ORL 2023-24,Spot-up / off-ball,Spot-up / off-ball,SPOT_UP,SPOT_UP,266,222,0.034,0.03,0.013,0.005,0.001,-0.007,Peripheral / replaceable wiring,Peripheral / replaceable wiring,-0.249,-0.181,-0.068,NO
I. Smith,202397,202397_DEN22_CHA23,0,G,G,DEN,2022-23,CHA,2023-24,DEN 2022-23 → CHA 2023-24,Pull-up scorer,Pull-up scorer,PULL_UP,PULL_UP,131,172,0.017,0.023,0.026,0.004,0.014,-0.007,Peripheral / replaceable wiring,Peripheral / replaceable wiring,-0.17,-0.101,-0.07,NO
M. Morris Sr.,202694,202694_PHI23_CLE23,0,F,Forward,PHI,2023-24,CLE,2023-24,PHI 2023-24 → CLE 2023-24,Spot-up / off-ball,Spot-up / off-ball,SPOT_UP,SPOT_UP,208,63,0.028,0.009,0.002,0.003,-0.009,-0.008,Peripheral / replaceable wiring,Peripheral / replaceable wiring,-0.026,0.045,-0.071,NO
M. Morris,1628420,1628420_MIN23_PHX24,0,G,G,MIN,2023-24,PHX,2024-25,MIN 2023-24 → PHX 2024-25,Spot-up / off-ball,Driving creator,SPOT_UP,DRIVE,118,187,0.016,0.026,0.001,0.01,-0.01,-0.001,Peripheral / replaceable wiring,Peripheral / replaceable wiring,-0.2,-0.127,-0.073,NO
T. Bryant,1628418,1628418_DEN22_MIA23,0,F/C,C-F,DEN,2022-23,MIA,2023-24,DEN 2022-23 → MIA 2023-24,PnR ball-handler / hub,PnR ball-handler / hub,PNR,PNR,67,144,0.009,0.019,0.004,0.004,-0.007,-0.007,Peripheral / replaceable wiring,Peripheral / replaceable wiring,-0.058,0.023,-0.081,NO
W. Matthews,202083,202083_MIL22_ATL23,0,G,G,MIL,2022-23,ATL,2023-24,MIL 2022-23 → ATL 2023-24,Spot-up / off-ball,Spot-up / off-ball,SPOT_UP,SPOT_UP,162,97,0.021,0.012,0.009,0.003,-0.002,-0.009,Peripheral / replaceable wiring,Peripheral / replaceable wiring,-0.342,-0.252,-0.09,NO
M. Brown,1629650,1629650_LAC22_POR23,0,C,C,LAC,2022-23,POR,2023-24,LAC 2022-23 → POR 2023-24,PnR ball-handler / hub,PnR ball-handler / hub,PNR,PNR,56,50,0.007,0.007,0.01,0.002,-0.001,-0.009,Peripheral / replaceable wiring,Peripheral / replaceable wiring,-0.103,-0.013,-0.091,NO
A. Burks,202692,202692_NYK23_MIA24,0,G,G,NYK,2023-24,MIA,2024-25,NYK 2023-24 → MIA 2024-25,Pull-up scorer,Spot-up / off-ball,PULL_UP,SPOT_UP,159,267,0.022,0.037,0.002,0.005,-0.01,-0.007,Peripheral / replaceable wiring,Peripheral / replaceable wiring,-0.249,-0.156,-0.094,NO
T. Jones,1630200,1630200_SAS24_CHI24,0,F,Forward,SAS,2024-25,CHI,2024-25,SAS 2024-25 → CHI 2024-25,Driving creator,Driving creator,DRIVE,DRIVE,88,142,0.012,0.019,0.003,0.007,-0.008,-0.004,Peripheral / replaceable wiring,Peripheral / replaceable wiring,-0.029,0.066,-0.095,NO
J. LaRavia,1631222,1631222_MEM24_SAC24,0,F,Forward,MEM,2024-25,SAC,2024-25,MEM 2024-25 → SAC 2024-25,PnR ball-handler / hub,Spot-up / off-ball,PNR,SPOT_UP,253,98,0.033,0.013,0.007,0.001,-0.005,-0.01,Peripheral / replaceable wiring,Peripheral / replaceable wiring,-0.324,-0.228,-0.096,NO
R. Bullock Jr.,203493,203493_DAL22_HOU23,0,F/Wing,G-F,DAL,2022-23,HOU,2023-24,DAL 2022-23 → HOU 2023-24,Spot-up / off-ball,Spot-up / off-ball,SPOT_UP,SPOT_UP,468,80,0.063,0.01,0.005,0.002,-0.011,-0.009,Peripheral / replaceable wiring,Peripheral / replaceable wiring,-0.166,-0.063,-0.103,NO
T. Mann,1629611,1629611_LAC24_ATL24,0,F,Guard-Forward,LAC,2024-25,ATL,2024-25,LAC 2024-25 → ATL 2024-25,Spot-up / off-ball,Transition initiator,SPOT_UP,TRANSITION,182,184,0.026,0.024,0.004,0.006,-0.007,-0.006,Peripheral / replaceable wiring,Peripheral / replaceable wiring,-0.136,-0.032,-0.104,NO
J. Randle,203944,203944_NYK23_MIN24,0,F/C,F-C,NYK,2023-24,MIN,2024-25,NYK 2023-24 → MIN 2024-25,Driving creator,PnR ball-handler / hub,DRIVE,PNR,875,993,0.12,0.136,0.008,0.01,-0.024,-0.029,Peripheral / replaceable wiring,Peripheral / replaceable wiring,-0.128,-0.023,-0.105,NO
K. Caldwell-Pope,203484,203484_DEN23_ORL24,0,G,G,DEN,2023-24,ORL,2024-25,DEN 2023-24 → ORL 2024-25,PnR ball-handler / hub,PnR ball-handler / hub,PNR,PNR,677,578,0.09,0.08,0.078,0.021,0.056,0.001,Standard role occupant,Peripheral / replaceable wiring,-0.082,0.025,-0.107,NO
T. Evbuomwan,1641787,1641787_DET23_BKN24,0,F/Wing,F,DET,2023-24,BKN,2024-25,DET 2023-24 → BKN 2024-25,Spot-up / off-ball,Driving creator,SPOT_UP,DRIVE,64,238,0.008,0.033,0.001,0.008,-0.011,-0.004,Peripheral / replaceable wiring,Peripheral / replaceable wiring,0.181,0.288,-0.107,NO
B. Brown,1628971,1628971_DEN22_IND23,0,F/Wing,G-F,DEN,2022-23,IND,2023-24,DEN 2022-23 → IND 2023-24,Spot-up / off-ball,PnR ball-handler / hub,SPOT_UP,PNR,785,352,0.105,0.045,0.032,0.004,0.006,-0.009,Peripheral / replaceable wiring,Peripheral / replaceable wiring,-0.097,0.023,-0.119,NO
T. Jones,1626145,1626145_WAS23_PHX24,0,G,G,WAS,2023-24,PHX,2024-25,WAS 2023-24 → PHX 2024-25,Driving creator,Spot-up / off-ball,DRIVE,SPOT_UP,681,645,0.086,0.091,0.117,0.003,0.096,-0.019,Standard role occupant,Peripheral / replaceable wiring,-0.281,-0.161,-0.119,NO
N. Alexander-Walker,1629638,1629638_UTA22_MIN22,0,G,Guard,UTA,2022-23,MIN,2022-23,UTA 2022-23 → MIN 2022-23,Spot-up / off-ball,Spot-up / off-ball,SPOT_UP,SPOT_UP,198,131,0.025,0.017,0.001,0.004,-0.011,-0.008,Peripheral / replaceable wiring,Peripheral / replaceable wiring,0.076,0.203,-0.128,NO
O. Agbaji,1630534,1630534_UTA23_TOR23,0,G,Guard,UTA,2023-24,TOR,2023-24,UTA 2023-24 → TOR 2023-24,Spot-up / off-ball,Spot-up / off-ball,SPOT_UP,SPOT_UP,245,186,0.032,0.025,0.001,0.008,-0.011,-0.003,Peripheral / replaceable wiring,Peripheral / replaceable wiring,-0.001,0.143,-0.144,NO
Q. Grimes,1629656,1629656_DAL24_PHI24,0,G,Guard,DAL,2024-25,PHI,2024-25,DAL 2024-25 → PHI 2024-25,Spot-up / off-ball,PnR ball-handler / hub,SPOT_UP,PNR,364,459,0.05,0.063,0.006,0.005,-0.008,-0.011,Peripheral / replaceable wiring,Peripheral / replaceable wiring,0.353,0.498,-0.145,NO
T. Brown Jr.,1628972,1628972_LAL22_MIN23,0,F/Wing,G-F,LAL,2022-23,MIN,2023-24,LAL 2022-23 → MIN 2023-24,Spot-up / off-ball,Spot-up / off-ball,SPOT_UP,SPOT_UP,464,130,0.059,0.018,0.009,0.002,-0.006,-0.009,Peripheral / replaceable wiring,Peripheral / replaceable wiring,0.182,0.33,-0.148,NO
B. Bol,1629626,1629626_ORL22_PHX23,0,F/C,C-F,ORL,2022-23,PHX,2023-24,ORL 2022-23 → PHX 2023-24,PnR ball-handler / hub,Spot-up / off-ball,PNR,SPOT_UP,482,139,0.064,0.019,0.01,0.001,-0.006,-0.01,Peripheral / replaceable wiring,Peripheral / replaceable wiring,-0.147,0.004,-0.151,NO
J. Nowell,1629669,1629669_MIN22_MEM23,0,G,G,MIN,2022-23,MEM,2023-24,MIN 2022-23 → MEM 2023-24,Driving creator,Spot-up / off-ball,DRIVE,SPOT_UP,643,54,0.082,0.007,0.023,0.002,0.003,-0.009,Peripheral / replaceable wiring,Peripheral / replaceable wiring,-0.175,-0.021,-0.154,NO
A. Holiday,1628988,1628988_ATL22_HOU23,0,G,G,ATL,2022-23,HOU,2023-24,ATL 2022-23 → HOU 2023-24,Driving creator,Driving creator,DRIVE,DRIVE,222,390,0.028,0.05,0.001,0.005,-0.011,-0.009,Peripheral / replaceable wiring,Peripheral / replaceable wiring,-0.082,0.074,-0.156,NO
C. Gillespie,1631221,1631221_DEN23_PHX24,0,G,G,DEN,2023-24,PHX,2024-25,DEN 2023-24 → PHX 2024-25,Spot-up / off-ball,Spot-up / off-ball,SPOT_UP,SPOT_UP,74,135,0.01,0.019,0.009,0.012,-0.003,0.001,Peripheral / replaceable wiring,Peripheral / replaceable wiring,-0.645,-0.485,-0.16,NO
D. Šarić,203967,203967_OKC22_GSW23,0,F/C,F-C,OKC,2022-23,GSW,2023-24,OKC 2022-23 → GSW 2023-24,Spot-up / off-ball,Spot-up / off-ball,SPOT_UP,SPOT_UP,110,405,0.014,0.053,0.042,0.003,0.031,-0.012,Standard role occupant,Peripheral / replaceable wiring,-0.25,-0.09,-0.16,NO
P. Beverley,201976,201976_LAL22_CHI22,0,G,Guard,LAL,2022-23,CHI,2022-23,LAL 2022-23 → CHI 2022-23,Spot-up / off-ball,Spot-up / off-ball,SPOT_UP,SPOT_UP,268,134,0.034,0.018,0.003,0.004,-0.009,-0.007,Peripheral / replaceable wiring,Peripheral / replaceable wiring,0.035,0.197,-0.162,NO
E. Fournier,203095,203095_NYK22_DET23,0,F/Wing,G-F,NYK,2022-23,DET,2023-24,NYK 2022-23 → DET 2023-24,Spot-up / off-ball,Spot-up / off-ball,SPOT_UP,SPOT_UP,168,211,0.022,0.028,0.012,0.002,0.001,-0.01,Peripheral / replaceable wiring,Peripheral / replaceable wiring,-0.531,-0.369,-0.162,NO
M. Christie,1631108,1631108_LAL24_DAL24,0,G,Guard,LAL,2024-25,DAL,2024-25,LAL 2024-25 → DAL 2024-25,Spot-up / off-ball,Spot-up / off-ball,SPOT_UP,SPOT_UP,329,312,0.046,0.043,0.002,0.002,-0.011,-0.011,Peripheral / replaceable wiring,Peripheral / replaceable wiring,-0.186,-0.023,-0.163,NO
K. Knox II,1628995,1628995_POR22_DET23,0,F/Wing,F,POR,2022-23,DET,2023-24,POR 2022-23 → DET 2023-24,Spot-up / off-ball,Spot-up / off-ball,SPOT_UP,SPOT_UP,154,190,0.02,0.025,0.002,0.001,-0.009,-0.01,Peripheral / replaceable wiring,Peripheral / replaceable wiring,-0.211,-0.044,-0.167,NO
D. Rose,201565,201565_NYK22_MEM23,0,G,G,NYK,2022-23,MEM,2023-24,NYK 2022-23 → MEM 2023-24,Driving creator,Driving creator,DRIVE,DRIVE,167,184,0.022,0.024,0.005,0.003,-0.006,-0.008,Peripheral / replaceable wiring,Peripheral / replaceable wiring,-0.581,-0.412,-0.169,NO
B. Beal,203078,203078_WAS22_PHX23,0,G,G,WAS,2022-23,PHX,2023-24,WAS 2022-23 → PHX 2023-24,Driving creator,Driving creator,DRIVE,DRIVE,990,783,0.129,0.104,0.012,0.007,-0.024,-0.02,Peripheral / replaceable wiring,Peripheral / replaceable wiring,-0.201,-0.031,-0.17,NO
M. Morris,1628420,1628420_WAS22_MIN23,0,G,G,WAS,2022-23,MIN,2023-24,WAS 2022-23 → MIN 2023-24,Driving creator,Spot-up / off-ball,DRIVE,SPOT_UP,533,118,0.07,0.016,0.009,0.001,-0.008,-0.01,Peripheral / replaceable wiring,Peripheral / replaceable wiring,0.155,0.326,-0.171,NO
A. Drummond,203083,203083_CHI23_PHI24,0,C,C,CHI,2023-24,PHI,2024-25,CHI 2023-24 → PHI 2024-25,PnR ball-handler / hub,PnR ball-handler / hub,PNR,PNR,331,193,0.045,0.026,0.128,0.01,0.115,-0.002,Hidden structural hub,Peripheral / replaceable wiring,-0.357,-0.186,-0.172,NO
A. Pokusevski,1630197,1630197_OKC22_CHA23,0,F/Wing,F,OKC,2022-23,CHA,2023-24,OKC 2022-23 → CHA 2023-24,Spot-up / off-ball,Spot-up / off-ball,SPOT_UP,SPOT_UP,237,121,0.03,0.016,0.007,0.008,-0.004,-0.003,Peripheral / replaceable wiring,Peripheral / replaceable wiring,0.153,0.329,-0.176,NO
O. Anunoby,1628384,1628384_TOR23_NYK23,0,F,Forward-Guard,TOR,2023-24,NYK,2023-24,TOR 2023-24 → NYK 2023-24,Spot-up / off-ball,Spot-up / off-ball,SPOT_UP,SPOT_UP,341,265,0.045,0.036,0.006,0.001,-0.008,-0.011,Peripheral / replaceable wiring,Peripheral / replaceable wiring,0.198,0.384,-0.186,NO
R. Jackson,202704,202704_LAC22_DEN22,0,G,Guard,LAC,2022-23,DEN,2022-23,LAC 2022-23 → DEN 2022-23,Driving creator,Spot-up / off-ball,DRIVE,SPOT_UP,545,126,0.072,0.017,0.002,0.005,-0.016,-0.007,Peripheral / replaceable wiring,Peripheral / replaceable wiring,-0.123,0.077,-0.2,NO
C. Duarte,1630537,1630537_IND22_SAC23,0,G,G,IND,2022-23,SAC,2023-24,IND 2022-23 → SAC 2023-24,Spot-up / off-ball,Spot-up / off-ball,SPOT_UP,SPOT_UP,340,192,0.043,0.025,0.007,0.004,-0.006,-0.007,Peripheral / replaceable wiring,Peripheral / replaceable wiring,-0.479,-0.271,-0.208,NO
M. Bamba,1628964,1628964_ORL22_PHI23,0,C,Center,ORL,2022-23,PHI,2023-24,ORL 2022-23 → PHI 2023-24,Spot-up / off-ball,Spot-up / off-ball,SPOT_UP,SPOT_UP,202,163,0.027,0.022,0.007,0.005,-0.005,-0.006,Peripheral / replaceable wiring,Peripheral / replaceable wiring,-0.209,-0.001,-0.208,NO
M. Brogdon,1627763,1627763_BOS22_POR23,0,G,G,BOS,2022-23,POR,2023-24,BOS 2022-23 → POR 2023-24,Driving creator,Driving creator,DRIVE,DRIVE,797,508,0.103,0.07,0.011,0.013,-0.015,-0.004,Peripheral / replaceable wiring,Peripheral / replaceable wiring,0.129,0.34,-0.211,NO
L. Quinones,1631311,1631311_GSW23_NOP24,0,G,G,GSW,2023-24,NOP,2024-25,GSW 2023-24 → NOP 2024-25,Spot-up / off-ball,Driving creator,SPOT_UP,DRIVE,130,60,0.017,0.008,0.002,0.005,-0.009,-0.006,Peripheral / replaceable wiring,Peripheral / replaceable wiring,-0.37,-0.157,-0.213,NO
T. Rozier,1626179,1626179_CHA23_MIA23,0,G,Guard,CHA,2023-24,MIA,2023-24,CHA 2023-24 → MIA 2023-24,Driving creator,Driving creator,DRIVE,DRIVE,567,450,0.077,0.06,0.004,0.005,-0.015,-0.011,Peripheral / replaceable wiring,Peripheral / replaceable wiring,-0.067,0.146,-0.214,NO
M. Plumlee,203486,203486_LAC23_PHX24,0,F/C,F-C,LAC,2023-24,PHX,2024-25,LAC 2023-24 → PHX 2024-25,Cutter / connector,Cutter / connector,CUT,CUT,174,194,0.024,0.027,0.014,0.033,0.003,0.022,Peripheral / replaceable wiring,Peripheral / replaceable wiring,0.096,0.316,-0.219,NO
J. McDaniels,1629667,1629667_PHI22_TOR23,0,F/C,F-C,PHI,2022-23,TOR,2023-24,PHI 2022-23 → TOR 2023-24,Spot-up / off-ball,Driving creator,SPOT_UP,DRIVE,119,191,0.016,0.025,0.005,0.001,-0.006,-0.01,Peripheral / replaceable wiring,Peripheral / replaceable wiring,-0.363,-0.142,-0.221,NO
C. Osman,1626224,1626224_CLE22_SAS23,0,F/Wing,F,CLE,2022-23,SAS,2023-24,CLE 2022-23 → SAS 2023-24,Spot-up / off-ball,Spot-up / off-ball,SPOT_UP,SPOT_UP,551,399,0.074,0.051,0.008,0.005,-0.01,-0.009,Peripheral / replaceable wiring,Peripheral / replaceable wiring,-0.107,0.12,-0.228,NO
W. Barton,203115,203115_WAS22_TOR22,0,G,Guard,WAS,2022-23,TOR,2022-23,WAS 2022-23 → TOR 2022-23,Spot-up / off-ball,Spot-up / off-ball,SPOT_UP,SPOT_UP,300,74,0.039,0.01,0.002,0.003,-0.01,-0.008,Peripheral / replaceable wiring,Peripheral / replaceable wiring,0.084,0.329,-0.244,NO
G. Niang,1627777,1627777_PHI22_CLE23,0,F/Wing,F,PHI,2022-23,CLE,2023-24,PHI 2022-23 → CLE 2023-24,Spot-up / off-ball,Spot-up / off-ball,SPOT_UP,SPOT_UP,531,643,0.072,0.089,0.015,0.007,-0.003,-0.015,Peripheral / replaceable wiring,Peripheral / replaceable wiring,0.146,0.393,-0.247,NO
M. Bagley III,1628963,1628963_DET23_WAS23,0,F,Forward,DET,2023-24,WAS,2023-24,DET 2023-24 → WAS 2023-24,PnR ball-handler / hub,Driving creator,PNR,DRIVE,169,196,0.022,0.025,0.003,0.002,-0.009,-0.009,Peripheral / replaceable wiring,Peripheral / replaceable wiring,-0.251,0.007,-0.258,NO
C. Jones,1641732,1641732_SAC23_WAS24,0,G,G,SAC,2023-24,WAS,2024-25,SAC 2023-24 → WAS 2024-25,Driving creator,Driving creator,DRIVE,DRIVE,69,82,0.009,0.011,0.003,0.025,-0.008,0.014,Peripheral / replaceable wiring,Peripheral / replaceable wiring,0.101,0.359,-0.259,NO
K. Middleton,203114,203114_MIL24_WAS24,0,F,Forward,MIL,2024-25,WAS,2024-25,MIL 2024-25 → WAS 2024-25,PnR ball-handler / hub,Post hub,PNR,POST_UP,227,140,0.03,0.019,0.005,0.033,-0.007,0.021,Peripheral / replaceable wiring,Peripheral / replaceable wiring,-0.416,-0.156,-0.26,NO
P. Mills,201988,201988_BKN22_ATL23,0,G,G,BKN,2022-23,ATL,2023-24,BKN 2022-23 → ATL 2023-24,Spot-up / off-ball,Spot-up / off-ball,SPOT_UP,SPOT_UP,222,52,0.03,0.007,0.003,0.003,-0.008,-0.008,Peripheral / replaceable wiring,Peripheral / replaceable wiring,0.17,0.433,-0.263,NO
D. Brooks,1628415,1628415_MEM22_HOU23,0,F/Wing,G-F,MEM,2022-23,HOU,2023-24,MEM 2022-23 → HOU 2023-24,Spot-up / off-ball,Spot-up / off-ball,SPOT_UP,SPOT_UP,1020,813,0.13,0.104,0.012,0.014,-0.025,-0.012,Peripheral / replaceable wiring,Peripheral / replaceable wiring,-0.286,-0.017,-0.269,NO
J. Goodwin,1630692,1630692_MEM23_LAL24,0,G,G,MEM,2023-24,LAL,2024-25,MEM 2023-24 → LAL 2024-25,Driving creator,Spot-up / off-ball,DRIVE,SPOT_UP,162,119,0.022,0.017,0.005,0.001,-0.007,-0.01,Peripheral / replaceable wiring,Peripheral / replaceable wiring,-0.11,0.162,-0.272,NO
O. Brissett,1629052,1629052_IND22_BOS23,0,F/Wing,F-G,IND,2022-23,BOS,2023-24,IND 2022-23 → BOS 2023-24,Spot-up / off-ball,Driving creator,SPOT_UP,DRIVE,362,157,0.046,0.021,0.007,0.004,-0.006,-0.008,Peripheral / replaceable wiring,Peripheral / replaceable wiring,-0.406,-0.131,-0.275,NO
B. Brown,1628971,1628971_TOR24_NOP24,0,F,Forward,TOR,2024-25,NOP,2024-25,TOR 2024-25 → NOP 2024-25,Driving creator,Driving creator,DRIVE,DRIVE,135,195,0.018,0.026,0.004,0.009,-0.008,-0.003,Peripheral / replaceable wiring,Peripheral / replaceable wiring,0.424,0.702,-0.277,NO
Z. LaVine,203897,203897_CHI24_SAC24,0,G,Guard,CHI,2024-25,SAC,2024-25,CHI 2024-25 → SAC 2024-25,Pull-up scorer,Driving creator,PULL_UP,DRIVE,761,488,0.1,0.067,0.124,0.003,0.099,-0.013,Hidden structural hub,Peripheral / replaceable wiring,-0.418,-0.14,-0.278,NO
S. Curry,203552,203552_DAL23_CHA23,0,G,Guard,DAL,2023-24,CHA,2023-24,DAL 2023-24 → CHA 2023-24,Spot-up / off-ball,Spot-up / off-ball,SPOT_UP,SPOT_UP,136,61,0.018,0.008,0.004,0.006,-0.007,-0.005,Peripheral / replaceable wiring,Peripheral / replaceable wiring,0.471,0.75,-0.279,NO
B. Biyombo,202687,202687_PHX22_MEM23,0,C,C,PHX,2022-23,MEM,2023-24,PHX 2022-23 → MEM 2023-24,Post hub,Post hub,POST_UP,POST_UP,215,122,0.028,0.016,0.048,0.027,0.036,0.016,Standard role occupant,Peripheral / replaceable wiring,-0.546,-0.265,-0.281,NO
J. Holiday,203200,203200_ATL22_DAL22,0,G,Guard,ATL,2022-23,DAL,2022-23,ATL 2022-23 → DAL 2022-23,Spot-up / off-ball,Spot-up / off-ball,SPOT_UP,SPOT_UP,119,80,0.015,0.011,0.004,0.004,-0.007,-0.007,Peripheral / replaceable wiring,Peripheral / replaceable wiring,-0.348,-0.063,-0.285,NO
M. Thybulle,1629680,1629680_PHI22_POR22,0,F,Guard-Forward,PHI,2022-23,POR,2022-23,PHI 2022-23 → POR 2022-23,Spot-up / off-ball,Spot-up / off-ball,SPOT_UP,SPOT_UP,111,137,0.015,0.018,0.007,0.002,-0.004,-0.009,Peripheral / replaceable wiring,Peripheral / replaceable wiring,-0.632,-0.347,-0.286,NO
B. Bogdanović,203992,203992_ATL24_LAC24,0,G,Guard,ATL,2024-25,LAC,2024-25,ATL 2024-25 → LAC 2024-25,Spot-up / off-ball,Spot-up / off-ball,SPOT_UP,SPOT_UP,225,248,0.029,0.035,0.009,0.002,-0.003,-0.01,Peripheral / replaceable wiring,Peripheral / replaceable wiring,-0.203,0.088,-0.29,NO
R. Barrett,1629628,1629628_NYK23_TOR23,0,F,Forward-Guard,NYK,2023-24,TOR,2023-24,NYK 2023-24 → TOR 2023-24,Driving creator,Driving creator,DRIVE,DRIVE,446,559,0.061,0.074,0.002,0.003,-0.013,-0.016,Peripheral / replaceable wiring,Peripheral / replaceable wiring,-0.113,0.196,-0.31,NO
M. Fultz,1628365,1628365_ORL23_SAC24,0,G,G,ORL,2023-24,SAC,2024-25,ORL 2023-24 → SAC 2024-25,Driving creator,PnR ball-handler / hub,DRIVE,PNR,336,68,0.045,0.009,0.004,0.001,-0.009,-0.01,Peripheral / replaceable wiring,Peripheral / replaceable wiring,-0.122,0.188,-0.31,NO
D. Banton,1630625,1630625_TOR22_BOS23,0,F/Wing,F,TOR,2022-23,BOS,2023-24,TOR 2022-23 → BOS 2023-24,Transition initiator,Driving creator,TRANSITION,DRIVE,129,50,0.017,0.007,0.001,0.001,-0.01,-0.01,Peripheral / replaceable wiring,Peripheral / replaceable wiring,-0.316,0.005,-0.322,NO
M. Muscala,203488,203488_OKC22_BOS22,0,F/C,Forward-Center,OKC,2022-23,BOS,2022-23,OKC 2022-23 → BOS 2022-23,Spot-up / off-ball,Spot-up / off-ball,SPOT_UP,SPOT_UP,195,87,0.025,0.011,0.015,0.001,0.004,-0.01,Peripheral / replaceable wiring,Peripheral / replaceable wiring,-0.454,-0.132,-0.322,NO
D. Smith Jr.,1628372,1628372_CHA22_BKN23,0,G,G,CHA,2022-23,BKN,2023-24,CHA 2022-23 → BKN 2023-24,Driving creator,Driving creator,DRIVE,DRIVE,507,345,0.065,0.046,0.004,0.002,-0.012,-0.011,Peripheral / replaceable wiring,Peripheral / replaceable wiring,-0.116,0.21,-0.326,NO
J. Butler III,202710,202710_MIA24_GSW24,0,F,Forward,MIA,2024-25,GSW,2024-25,MIA 2024-25 → GSW 2024-25,Driving creator,Driving creator,DRIVE,DRIVE,317,403,0.043,0.055,0.01,0.004,-0.003,-0.01,Peripheral / replaceable wiring,Peripheral / replaceable wiring,-0.483,-0.156,-0.327,NO
S. Dinwiddie,203915,203915_BKN23_LAL23,0,G,Guard,BKN,2023-24,LAL,2023-24,BKN 2023-24 → LAL 2023-24,Driving creator,Spot-up / off-ball,DRIVE,SPOT_UP,514,143,0.068,0.018,0.002,0.001,-0.015,-0.01,Peripheral / replaceable wiring,Peripheral / replaceable wiring,-0.372,-0.04,-0.332,NO
L. Shamet,1629013,1629013_WAS23_NYK24,0,G,G,WAS,2023-24,NYK,2024-25,WAS 2023-24 → NYK 2024-25,Spot-up / off-ball,Spot-up / off-ball,SPOT_UP,SPOT_UP,297,224,0.037,0.031,0.05,0.003,0.037,-0.009,Standard role occupant,Peripheral / replaceable wiring,-0.28,0.068,-0.348,NO
X. Tillman,1630214,1630214_MEM23_BOS23,0,F,Forward,MEM,2023-24,BOS,2023-24,MEM 2023-24 → BOS 2023-24,Driving creator,Spot-up / off-ball,DRIVE,SPOT_UP,219,64,0.029,0.008,0.007,0.003,-0.005,-0.008,Peripheral / replaceable wiring,Peripheral / replaceable wiring,-0.599,-0.248,-0.351,NO
L. Walker IV,1629022,1629022_BKN23_PHI24,0,F/Wing,G-F,BKN,2023-24,PHI,2024-25,BKN 2023-24 → PHI 2024-25,Spot-up / off-ball,Spot-up / off-ball,SPOT_UP,SPOT_UP,494,191,0.065,0.026,0.002,0.006,-0.015,-0.006,Peripheral / replaceable wiring,Peripheral / replaceable wiring,-0.328,0.024,-0.353,NO
T. Prince,1627752,1627752_MIN22_LAL23,0,F/Wing,F,MIN,2022-23,LAL,2023-24,MIN 2022-23 → LAL 2023-24,Spot-up / off-ball,Spot-up / off-ball,SPOT_UP,SPOT_UP,427,619,0.055,0.079,0.008,0.005,-0.006,-0.014,Peripheral / replaceable wiring,Peripheral / replaceable wiring,0.098,0.464,-0.365,NO
D. Hunter,1629631,1629631_ATL24_CLE24,0,F,Forward-Guard,ATL,2024-25,CLE,2024-25,ATL 2024-25 → CLE 2024-25,PnR ball-handler / hub,Spot-up / off-ball,PNR,SPOT_UP,534,276,0.07,0.037,0.002,0.005,-0.015,-0.007,Peripheral / replaceable wiring,Peripheral / replaceable wiring,-0.171,0.2,-0.371,NO
M. Morris Sr.,202694,202694_LAC22_PHI23,0,F/Wing,F,LAC,2022-23,PHI,2023-24,LAC 2022-23 → PHI 2023-24,Spot-up / off-ball,Spot-up / off-ball,SPOT_UP,SPOT_UP,668,208,0.089,0.028,0.004,0.002,-0.018,-0.009,Peripheral / replaceable wiring,Peripheral / replaceable wiring,-0.259,0.114,-0.373,NO
J. Landale,1629111,1629111_PHX22_HOU23,0,C,C,PHX,2022-23,HOU,2023-24,PHX 2022-23 → HOU 2023-24,PnR ball-handler / hub,PnR ball-handler / hub,PNR,PNR,344,188,0.045,0.024,0.021,0.003,0.008,-0.008,Peripheral / replaceable wiring,Peripheral / replaceable wiring,-0.469,-0.071,-0.397,NO
S. Milton,1629003,1629003_BKN24_LAL24,0,F,Forward,BKN,2024-25,LAL,2024-25,BKN 2024-25 → LAL 2024-25,Driving creator,PnR ball-handler / hub,DRIVE,PNR,162,95,0.023,0.013,0.001,0.001,-0.01,-0.01,Peripheral / replaceable wiring,Peripheral / replaceable wiring,-0.489,-0.075,-0.414,NO
D. Šarić,203967,203967_GSW23_DEN24,0,F/C,F-C,GSW,2023-24,DEN,2024-25,GSW 2023-24 → DEN 2024-25,Spot-up / off-ball,Spot-up / off-ball,SPOT_UP,SPOT_UP,405,54,0.053,0.007,0.003,0.003,-0.012,-0.008,Peripheral / replaceable wiring,Peripheral / replaceable wiring,-0.185,0.234,-0.418,NO
P. Reed,1630194,1630194_PHI23_DET24,0,F/Wing,F,PHI,2023-24,DET,2024-25,PHI 2023-24 → DET 2024-25,PnR ball-handler / hub,PnR ball-handler / hub,PNR,PNR,410,128,0.055,0.017,0.003,0.004,-0.011,-0.007,Peripheral / replaceable wiring,Peripheral / replaceable wiring,-0.329,0.109,-0.438,NO
K. Irving,202681,202681_BKN22_DAL22,0,G,Guard,BKN,2022-23,DAL,2022-23,BKN 2022-23 → DAL 2022-23,Pull-up scorer,Driving creator,PULL_UP,DRIVE,870,415,0.117,0.056,0.009,0.023,-0.022,0.009,Peripheral / replaceable wiring,Peripheral / replaceable wiring,-0.429,0.015,-0.444,NO
B. Bogdanović,202711,202711_DET23_NYK23,0,G,Guard,DET,2023-24,NYK,2023-24,DET 2023-24 → NYK 2023-24,Spot-up / off-ball,Spot-up / off-ball,SPOT_UP,SPOT_UP,468,274,0.062,0.038,0.006,0.001,-0.01,-0.012,Peripheral / replaceable wiring,Peripheral / replaceable wiring,-0.591,-0.13,-0.461,NO
E. Omoruyi,1630647,1630647_DET22_WAS23,0,F/Wing,F,DET,2022-23,WAS,2023-24,DET 2022-23 → WAS 2023-24,Spot-up / off-ball,Spot-up / off-ball,SPOT_UP,SPOT_UP,144,154,0.019,0.019,0.007,0.011,-0.005,-0.0,Peripheral / replaceable wiring,Peripheral / replaceable wiring,-0.393,0.071,-0.464,NO
K. Olynyk,203482,203482_TOR24_NOP24,0,F/C,Forward-Center,TOR,2024-25,NOP,2024-25,TOR 2024-25 → NOP 2024-25,PnR ball-handler / hub,Post hub,PNR,POST_UP,125,148,0.017,0.02,0.001,0.007,-0.01,-0.004,Peripheral / replaceable wiring,Peripheral / replaceable wiring,-0.174,0.292,-0.466,NO
M. Morris,202693,202693_BKN22_DAL23,0,F,Forward,BKN,2022-23,DAL,2023-24,BKN 2022-23 → DAL 2023-24,Spot-up / off-ball,Spot-up / off-ball,SPOT_UP,SPOT_UP,78,66,0.01,0.009,0.003,0.008,-0.008,-0.003,Peripheral / replaceable wiring,Peripheral / replaceable wiring,-0.134,0.359,-0.493,NO
S. Mykhailiuk,1629004,1629004_CHA22_BOS23,0,F/Wing,G-F,CHA,2022-23,BOS,2023-24,CHA 2022-23 → BOS 2023-24,Spot-up / off-ball,Spot-up / off-ball,SPOT_UP,SPOT_UP,164,134,0.021,0.018,0.003,0.002,-0.008,-0.009,Peripheral / replaceable wiring,Peripheral / replaceable wiring,-0.719,-0.217,-0.502,NO
T. Harris,202699,202699_PHI23_DET24,0,F/Wing,F,PHI,2023-24,DET,2024-25,PHI 2023-24 → DET 2024-25,PnR ball-handler / hub,Spot-up / off-ball,PNR,SPOT_UP,968,752,0.129,0.102,0.011,0.023,-0.025,-0.003,Peripheral / replaceable wiring,Peripheral / replaceable wiring,-0.329,0.195,-0.523,NO
S. Bey,1630180,1630180_DET22_ATL22,0,F,Guard-Forward,DET,2022-23,ATL,2022-23,DET 2022-23 → ATL 2022-23,Spot-up / off-ball,Spot-up / off-ball,SPOT_UP,SPOT_UP,658,212,0.086,0.027,0.007,0.002,-0.015,-0.01,Peripheral / replaceable wiring,Peripheral / replaceable wiring,-0.658,-0.125,-0.534,NO
T. Jones,1626145,1626145_MEM22_WAS23,0,G,G,MEM,2022-23,WAS,2023-24,MEM 2022-23 → WAS 2023-24,Driving creator,Driving creator,DRIVE,DRIVE,775,681,0.099,0.086,0.008,0.117,-0.017,0.096,Peripheral / replaceable wiring,Standard role occupant,-0.554,-0.009,-0.545,NO
P. Washington,1629023,1629023_CHA23_DAL23,0,F,Forward,CHA,2023-24,DAL,2023-24,CHA 2023-24 → DAL 2023-24,Spot-up / off-ball,Spot-up / off-ball,SPOT_UP,SPOT_UP,534,302,0.072,0.04,0.004,0.005,-0.013,-0.008,Peripheral / replaceable wiring,Peripheral / replaceable wiring,-0.294,0.259,-0.553,NO
J. Okogie,1629006,1629006_PHX24_CHA24,0,G,Guard,PHX,2024-25,CHA,2024-25,PHX 2024-25 → CHA 2024-25,Spot-up / off-ball,Driving creator,SPOT_UP,DRIVE,109,117,0.015,0.016,0.004,0.008,-0.007,-0.003,Peripheral / replaceable wiring,Peripheral / replaceable wiring,-0.096,0.529,-0.625,NO
C. Joseph,202709,202709_DET22_GSW23,0,G,G,DET,2022-23,GSW,2023-24,DET 2022-23 → GSW 2023-24,Spot-up / off-ball,Spot-up / off-ball,SPOT_UP,SPOT_UP,347,59,0.045,0.008,0.002,0.004,-0.011,-0.008,Peripheral / replaceable wiring,Peripheral / replaceable wiring,-0.839,-0.138,-0.702,NO
D. Wright,1626153,1626153_WAS23_MIA23,0,G,Guard,WAS,2023-24,MIA,2023-24,WAS 2023-24 → MIA 2023-24,Driving creator,Driving creator,DRIVE,DRIVE,124,66,0.016,0.009,0.03,0.002,0.019,-0.009,Peripheral / replaceable wiring,Peripheral / replaceable wiring,-0.66,0.053,-0.714,NO
K. Durant,201142,201142_BKN22_PHX22,0,F,Forward,BKN,2022-23,PHX,2022-23,BKN 2022-23 → PHX 2022-23,Post hub,Post hub,POST_UP,POST_UP,856,146,0.115,0.019,0.019,0.011,-0.011,-0.0,Peripheral / replaceable wiring,Peripheral / replaceable wiring,-0.517,0.245,-0.762,NO
L. Shamet,1629013,1629013_PHX22_WAS23,0,G,G,PHX,2022-23,WAS,2023-24,PHX 2022-23 → WAS 2023-24,Spot-up / off-ball,Spot-up / off-ball,SPOT_UP,SPOT_UP,321,297,0.042,0.037,0.009,0.05,-0.004,0.037,Peripheral / replaceable wiring,Standard role occupant,-0.189,0.582,-0.771,NO
M. Bamba,1628964,1628964_PHI23_LAC24,0,C,C,PHI,2023-24,LAC,2024-25,PHI 2023-24 → LAC 2024-25,Spot-up / off-ball,Spot-up / off-ball,SPOT_UP,SPOT_UP,163,83,0.022,0.012,0.005,0.002,-0.006,-0.009,Peripheral / replaceable wiring,Peripheral / replaceable wiring,-0.688,0.093,-0.781,NO
R. Westbrook,201566,201566_LAL22_LAC22,0,G,Guard,LAL,2022-23,LAC,2022-23,LAL 2022-23 → LAC 2022-23,Driving creator,Driving creator,DRIVE,DRIVE,770,266,0.098,0.035,0.003,0.002,-0.021,-0.01,Peripheral / replaceable wiring,Peripheral / replaceable wiring,-0.457,0.594,-1.052,NO
J. Toscano-Anderson,1629308,1629308_LAL22_UTA22,0,F,Forward,LAL,2022-23,UTA,2022-23,LAL 2022-23 → UTA 2022-23,Driving creator,Driving creator,DRIVE,DRIVE,75,81,0.01,0.01,0.001,0.002,-0.011,-0.009,Peripheral / replaceable wiring,Peripheral / replaceable wiring,-0.87,0.354,-1.224,NO
