mover_id,player_id,player,f1,f2,yy1,yy2,gap_seasons,dest_fr,self_sim,decoy_sim,delta
101108_PHX22_GSW23,101108,C. Paul,PHX,GSW,22,23,0,GSW,0.20448751132001375,0.03410457276590356,0.17038293855411019
101108_GSW23_SAS24,101108,C. Paul,GSW,SAS,23,24,0,SAS,0.20449920038243707,0.12873663114766298,0.07576256923477409
1626145_MEM22_WAS23,1626145,T. Jones,MEM,WAS,22,23,0,WAS,-0.5537906268900845,-0.009128752804574935,-0.5446618740855096
1626145_WAS23_PHX24,1626145,T. Jones,WAS,PHX,23,24,0,PHX,-0.2806129173670385,-0.16127889402398493,-0.11933402334305354
1626153_WAS23_MIA23,1626153,D. Wright,WAS,MIA,23,23,0,MIA,-0.660483526603025,0.05336609322945233,-0.7138496198324773
1626153_MIA23_MIL24,1626153,D. Wright,MIA,MIL,23,24,0,MIL,0.13948097096438283,-0.1392958757900253,0.27877684675440817
1626156_MIN22_LAL22,1626156,D. Russell,MIN,LAL,22,22,0,LAL,0.5254890806662927,0.2617281018835223,0.26376097878277044
1626156_LAL24_BKN24,1626156,D. Russell,LAL,BKN,24,24,0,BKN,0.39813538242033236,-0.062383055433806435,0.4605184378541388
1626157_MIN23_NYK24,1626157,K. Towns,MIN,NYK,23,24,0,NYK,0.01771763740650475,-0.01679451829285026,0.03451215569935501
1626158_SAC22_WAS23,1626158,R. Holmes,SAC,WAS,22,23,0,WAS,0.7770789187301336,0.14711658603849387,0.6299623326916397
1626162_CHA22_PHI23,1626162,K. Oubre Jr.,CHA,PHI,22,23,0,PHI,0.23916724436999456,0.061065176464200864,0.1781020679057937
1626166_PHX22_MIL23,1626166,C. Payne,PHX,MIL,22,23,0,MIL,-0.20332161749172836,-0.22846666734213414,0.025145049850405776
1626166_MIL23_PHI23,1626166,C. Payne,MIL,PHI,23,23,0,PHI,0.0737058301673669,-0.029901652901716175,0.10360748306908307
1626166_PHI23_NYK24,1626166,C. Payne,PHI,NYK,23,24,0,NYK,0.3777983181838575,-0.030041576014883185,0.40783989419874067
1626174_DAL22_LAL23,1626174,C. Wood,DAL,LAL,22,23,0,LAL,0.4175637033888803,0.008426426308372714,0.4091372770805076
1626179_CHA23_MIA23,1626179,T. Rozier,CHA,MIA,23,23,0,MIA,-0.0672094929258204,0.14635664641049262,-0.21356613933631302
1626196_SAS22_NOP22,1626196,J. Richardson,SAS,NOP,22,22,0,NOP,0.4676881376287375,0.08504950201649411,0.3826386356122434
1626196_NOP22_MIA23,1626196,J. Richardson,NOP,MIA,22,23,0,MIA,-0.18596497836589268,-0.40171453945664054,0.21574956109074786
1626204_NOP23_ATL24,1626204,L. Nance Jr.,NOP,ATL,23,24,0,ATL,0.5683926830803167,0.13100434727651333,0.4373883358038033
1626220_BKN23_PHX23,1626220,R. O'Neale,BKN,PHX,23,23,0,PHX,0.5353339004214606,0.48150485526457115,0.05382904515688941
1626224_CLE22_SAS23,1626224,C. Osman,CLE,SAS,22,23,0,SAS,-0.1074936781512314,0.12017763184655343,-0.22767130999778484
1627736_UTA22_LAL22,1627736,M. Beasley,UTA,LAL,22,22,0,LAL,0.7318667845363224,0.7270325645870013,0.004834219949321095
1627736_LAL22_MIL23,1627736,M. Beasley,LAL,MIL,22,23,0,MIL,0.6536642279394972,0.6280180570121517,0.025646170927345446
1627736_MIL23_DET24,1627736,M. Beasley,MIL,DET,23,24,0,DET,0.4571801199214848,0.10564436739634905,0.3515357525251357
1627739_UTA23_LAC24,1627739,K. Dunn,UTA,LAC,23,24,0,LAC,-0.3282610874507557,-0.33909233565577845,0.010831248205022737
1627741_IND23_PHI23,1627741,B. Hield,IND,PHI,23,23,0,PHI,0.7237459506169915,0.4868705513479951,0.23687539926899642
1627741_PHI23_GSW24,1627741,B. Hield,PHI,GSW,23,24,0,GSW,0.24328496365369554,-0.21732726055978374,0.46061222421347925
1627747_CLE24_ATL24,1627747,C. LeVert,CLE,ATL,24,24,0,ATL,0.1763583604815973,-0.2666948129564338,0.44305317343803113
1627749_ATL23_NOP24,1627749,D. Murray,ATL,NOP,23,24,0,NOP,0.628264526205966,0.14431940846972893,0.48394511773623705
1627751_SAS22_TOR22,1627751,J. Poeltl,SAS,TOR,22,22,0,TOR,0.5008642469787249,0.15032244882445234,0.35054179815427255
1627752_MIN22_LAL23,1627752,T. Prince,MIN,LAL,22,23,0,LAL,0.09844744521186208,0.4638664169177426,-0.36541897170588056
1627752_LAL23_MIL24,1627752,T. Prince,LAL,MIL,23,24,0,MIL,0.6186331981156866,0.4692529092196184,0.14938028889606825
1627763_BOS22_POR23,1627763,M. Brogdon,BOS,POR,22,23,0,POR,0.12894185279351852,0.34016633263977997,-0.21122447984626144
1627763_POR23_WAS24,1627763,M. Brogdon,POR,WAS,23,24,0,WAS,0.33945710436159826,0.2808201838931186,0.05863692046847968
1627777_PHI22_CLE23,1627777,G. Niang,PHI,CLE,22,23,0,CLE,0.1455061815731931,0.3929788008142029,-0.2474726192410098
1627777_CLE24_ATL24,1627777,G. Niang,CLE,ATL,24,24,0,ATL,0.3557895694748575,0.23356838984138645,0.12222117963347107
1627783_TOR23_IND23,1627783,P. Siakam,TOR,IND,23,23,0,IND,0.2611196795387269,0.08819447526342802,0.17292520427529887
1627827_DAL22_BKN22,1627827,D. Finney-Smith,DAL,BKN,22,22,0,BKN,0.7092301948319031,0.690043980409488,0.019186214422415082
1627827_BKN24_LAL24,1627827,D. Finney-Smith,BKN,LAL,24,24,0,LAL,0.5837321049198746,0.2394126322457569,0.34431947267411767
1627832_TOR22_HOU23,1627832,F. VanVleet,TOR,HOU,22,23,0,HOU,0.44507024921706406,-0.12108311804370782,0.5661533672607719
1627884_CHI22_DAL23,1627884,D. Jones Jr.,CHI,DAL,22,23,0,DAL,0.2126857062206798,0.04525855271830827,0.16742715350237153
1627884_DAL23_LAC24,1627884,D. Jones Jr.,DAL,LAC,23,24,0,LAC,0.5270846755692379,0.07396587027962545,0.45311880528961246
1627936_CHI23_OKC24,1627936,A. Caruso,CHI,OKC,23,24,0,OKC,0.41130250082370795,0.0976953527259162,0.3136071480977918
1628365_ORL23_SAC24,1628365,M. Fultz,ORL,SAC,23,24,0,SAC,-0.12231121556643046,0.18810166443264742,-0.31041287999907785
1628368_SAC24_SAS24,1628368,D. Fox,SAC,SAS,24,24,0,SAS,0.5191833377178336,0.38122282440990973,0.13796051330792392
1628372_CHA22_BKN23,1628372,D. Smith Jr.,CHA,BKN,22,23,0,BKN,-0.11636195994521632,0.20976479884530072,-0.32612675879051706
1628379_LAC22_MEM22,1628379,L. Kennard,LAC,MEM,22,22,0,MEM,-0.23032695344969176,-0.35409434223344877,0.12376738878375701
1628380_SAS24_CHI24,1628380,Z. Collins,SAS,CHI,24,24,0,CHI,0.03042950547453633,-0.07575491704388682,0.10618442251842314
1628381_ATL22_UTA23,1628381,J. Collins,ATL,UTA,22,23,0,UTA,0.38482460787994244,-0.7512102902105975,1.13603489809054
1628384_TOR23_NYK23,1628384,O. Anunoby,TOR,NYK,23,23,0,NYK,0.1982129530326913,0.3838842296673024,-0.1856712766346111
1628392_NYK23_OKC24,1628392,I. Hartenstein,NYK,OKC,23,24,0,OKC,0.77983868398076,0.006593137548319814,0.7732455464324401
1628398_WAS24_MIL24,1628398,K. Kuzma,WAS,MIL,24,24,0,MIL,-0.10274128907644586,-0.3260477655868142,0.22330647651036833
1628404_POR22_NYK22,1628404,J. Hart,POR,NYK,22,22,0,NYK,0.32501439533583054,0.02199034264457575,0.30302405269125476
1628415_MEM22_HOU23,1628415,D. Brooks,MEM,HOU,22,23,0,HOU,-0.28643071805610215,-0.017216339199567825,-0.2692143788565343
1628418_LAL22_DEN22,1628418,T. Bryant,LAL,DEN,22,22,0,DEN,-0.25633061390163037,-0.1938900211755895,-0.062440592726040856
1628418_DEN22_MIA23,1628418,T. Bryant,DEN,MIA,22,23,0,MIA,-0.058278430226623705,0.023009952501759474,-0.08128838272838318
1628418_MIA23_IND24,1628418,T. Bryant,MIA,IND,23,24,0,IND,0.3467868594311877,0.045915825288273794,0.3008710341429139
1628420_WAS22_MIN23,1628420,M. Morris,WAS,MIN,22,23,0,MIN,0.15461600602821576,0.3258165406403889,-0.17120053461217313
1628420_MIN23_PHX24,1628420,M. Morris,MIN,PHX,23,24,0,PHX,-0.19962487709679927,-0.12658429702148624,-0.07304058007531303
1628464_LAC23_NOP24,1628464,D. Theis,LAC,NOP,23,24,0,NOP,0.43424302682241867,0.21263271823890134,0.22161030858351732
1628470_PHX22_CHI23,1628470,T. Craig,PHX,CHI,22,23,0,CHI,0.45987199437112275,0.15313516082815043,0.3067368335429723
1628960_MIL22_PHX23,1628960,G. Allen,MIL,PHX,22,23,0,PHX,0.19605785156680733,0.11395393006667554,0.0821039215001318
1628963_DET23_WAS23,1628963,M. Bagley III,DET,WAS,23,23,0,WAS,-0.25052311196139054,0.00749280564487044,-0.25801591760626097
1628964_ORL22_PHI23,1628964,M. Bamba,ORL,PHI,22,23,0,PHI,-0.2092821676590656,-0.0014102498034777255,-0.20787191785558787
1628964_PHI23_LAC24,1628964,M. Bamba,PHI,LAC,23,24,0,LAC,-0.6882870046554566,0.09317325556334854,-0.7814602602188051
1628966_SAS22_PHX23,1628966,K. Bates-Diop,SAS,PHX,22,23,0,PHX,-0.626280874021887,-0.6448492959657088,0.0185684219438218
1628969_PHX22_BKN22,1628969,M. Bridges,PHX,BKN,22,22,0,BKN,-0.7811080502009032,-0.7294618030786038,-0.05164624712229948
1628969_BKN23_NYK24,1628969,M. Bridges,BKN,NYK,23,24,0,NYK,0.45098923766940785,0.016910011984890394,0.43407922568451746
1628971_DEN22_IND23,1628971,B. Brown,DEN,IND,22,23,0,IND,-0.09670848502110113,0.022732203835287085,-0.11944068885638821
1628971_IND23_TOR23,1628971,B. Brown,IND,TOR,23,23,0,TOR,0.4303733557250347,0.37470075795329055,0.05567259777174416
1628971_TOR24_NOP24,1628971,B. Brown,TOR,NOP,24,24,0,NOP,0.42419912935568094,0.7016231942237502,-0.27742406486806925
1628972_LAL22_MIN23,1628972,T. Brown Jr.,LAL,MIN,22,23,0,MIN,0.1822045086235604,0.3304462981537623,-0.1482417895302019
1628972_MIN23_DET23,1628972,T. Brown Jr.,MIN,DET,23,23,0,DET,0.5719742054314931,0.5738630469193062,-0.0018888414878130977
1628975_MIL22_CHI23,1628975,J. Carter,MIL,CHI,22,23,0,CHI,0.03353620854528075,0.05274205069604326,-0.019205842150762514
1628978_GSW22_NYK23,1628978,D. DiVincenzo,GSW,NYK,22,23,0,NYK,0.29783390737307885,0.11888006430927409,0.17895384306380477
1628978_NYK23_MIN24,1628978,D. DiVincenzo,NYK,MIN,23,24,0,MIN,0.5406240001681246,0.4522569778891404,0.08836702227898424
1628981_HOU22_ATL23,1628981,B. Fernando,HOU,ATL,22,23,0,ATL,0.3284351533604674,-0.2032591326905057,0.5316942860509731
1628984_NOP22_SAS22,1628984,D. Graham,NOP,SAS,22,22,0,SAS,0.4592789604263915,0.3825199439808872,0.07675901644550431
1628988_ATL22_HOU23,1628988,A. Holiday,ATL,HOU,22,23,0,HOU,-0.08189551534123533,0.07366091395929603,-0.15555642930053137
1628989_SAC24_CHI24,1628989,K. Huerter,SAC,CHI,24,24,0,CHI,0.11384705958822874,-0.18857908642114038,0.3024261460093691
1628995_DET22_POR22,1628995,K. Knox II,DET,POR,22,22,0,POR,-0.16636136973100066,-0.5781981460839694,0.41183677635296867
1628995_POR22_DET23,1628995,K. Knox II,POR,DET,22,23,0,DET,-0.2105624924064045,-0.04353012059816127,-0.16703237180824324
1628997_MIA23_PHI24,1628997,C. Martin,MIA,PHI,23,24,0,PHI,-0.15623520477726996,-0.21445244755946996,0.0582172427822
1628997_PHI24_DAL24,1628997,C. Martin,PHI,DAL,24,24,0,DAL,-0.019402113524255145,-0.24796859964281404,0.2285664861185589
1628998_CHA24_PHX24,1628998,C. Martin,CHA,PHX,24,24,0,PHX,0.8284526739855989,0.536422997704392,0.2920296762812069
1629001_PHI23_GSW24,1629001,D. Melton,PHI,GSW,23,24,0,GSW,0.022851210267528187,0.07392318985203834,-0.05107197958451015
1629002_SAC22_PHX23,1629002,C. Metu,SAC,PHX,22,23,0,PHX,0.4420096769087164,0.21806413967021038,0.22394553723850602
1629002_PHX23_DET23,1629002,C. Metu,PHX,DET,23,23,0,DET,0.5882759670856725,-0.02627995677413033,0.6145559238598028
1629003_PHI22_MIN23,1629003,S. Milton,PHI,MIN,22,23,0,MIN,0.2435690603609313,0.16235605887769206,0.08121300148323923
1629003_MIN23_BKN24,1629003,S. Milton,MIN,BKN,23,24,0,BKN,0.5881978849850967,0.45976926375223676,0.12842862123285997
1629003_BKN24_LAL24,1629003,S. Milton,BKN,LAL,24,24,0,LAL,-0.4886332401162269,-0.07488873194527658,-0.4137445081709503
1629004_CHA22_BOS23,1629004,S. Mykhailiuk,CHA,BOS,22,23,0,BOS,-0.719466883097874,-0.21736895731169287,-0.5020979257861811
1629004_BOS23_UTA24,1629004,S. Mykhailiuk,BOS,UTA,23,24,0,UTA,-0.11660925995227098,-0.07037906431868336,-0.046230195633587615
1629006_PHX24_CHA24,1629006,J. Okogie,PHX,CHA,24,24,0,CHA,-0.09591693709175096,0.5292067607191571,-0.625123697810908
1629013_PHX22_WAS23,1629013,L. Shamet,PHX,WAS,22,23,0,WAS,-0.1885336053303729,0.5819824927952503,-0.7705160981256232
1629013_WAS23_NYK24,1629013,L. Shamet,WAS,NYK,23,24,0,NYK,-0.27996775793522255,0.06805146710748392,-0.34801922504270644
1629018_TOR23_MIL24,1629018,G. Trent Jr.,TOR,MIL,23,24,0,MIL,0.6814877418587346,0.28117178569162343,0.4003159561671112
1629020_UTA22_LAL22,1629020,J. Vanderbilt,UTA,LAL,22,22,0,LAL,-0.6641633030016525,-0.7025524183969879,0.038389115395335405
1629022_LAL22_BKN23,1629022,L. Walker IV,LAL,BKN,22,23,0,BKN,0.47916172681203045,0.3032355670809288,0.17592615973110165
1629022_BKN23_PHI24,1629022,L. Walker IV,BKN,PHI,23,24,0,PHI,-0.3282150459526715,0.024395123031441125,-0.3526101689841126
1629023_CHA23_DAL23,1629023,P. Washington,CHA,DAL,23,23,0,DAL,-0.29361063264833576,0.2592293781699346,-0.5528400108182703
1629028_PHX22_POR23,1629028,D. Ayton,PHX,POR,22,23,0,POR,0.3440731931330989,0.163598450709806,0.18047474242329292
1629029_DAL24_LAL24,1629029,L. Dončić,DAL,LAL,24,24,0,LAL,0.4862966221156573,0.14295471141026228,0.343341910705395
1629052_IND22_BOS23,1629052,O. Brissett,IND,BOS,22,23,0,BOS,-0.4058188081130899,-0.130891301114156,-0.27492750699893387
1629060_WAS22_LAL22,1629060,R. Hachimura,WAS,LAL,22,22,0,LAL,0.62135250154207,0.27360489000300864,0.34774761153906136
1629111_PHX22_HOU23,1629111,J. Landale,PHX,HOU,22,23,0,HOU,-0.4685419024787667,-0.07130173651108204,-0.39724016596768463
1629134_LAL22_WAS22,1629134,K. Nunn,LAL,WAS,22,22,0,WAS,0.5255020098833816,0.4395676210863989,0.08593438879698267
1629139_BKN22_PHX23,1629139,Y. Watanabe,BKN,PHX,22,23,0,PHX,0.6378306231015807,0.582083349602046,0.05574727349953468
1629234_POR22_PHX23,1629234,D. Eubanks,POR,PHX,22,23,0,PHX,0.7319645659385288,0.1917320104951821,0.5402325554433467
1629234_PHX23_UTA24,1629234,D. Eubanks,PHX,UTA,23,24,0,UTA,0.6813375620330308,0.6713507177962817,0.009986844236749004
1629308_LAL22_UTA22,1629308,J. Toscano-Anderson,LAL,UTA,22,22,0,UTA,-0.8702010885036694,0.35390324028274833,-1.2241043287864177
1629611_LAC24_ATL24,1629611,T. Mann,LAC,ATL,24,24,0,ATL,-0.13591381744678596,-0.03220908166665158,-0.10370473578013438
1629622_MIA22_CLE23,1629622,M. Strus,MIA,CLE,22,23,0,CLE,0.7899223160494199,0.15960011774455649,0.6303221983048634
1629626_ORL22_PHX23,1629626,B. Bol,ORL,PHX,22,23,0,PHX,-0.14668496302000747,0.004230192722984752,-0.15091515574299222
1629628_NYK23_TOR23,1629628,R. Barrett,NYK,TOR,23,23,0,TOR,-0.1134722170269454,0.19643844673539113,-0.30991066376233656
1629629_NYK22_POR22,1629629,C. Reddish,NYK,POR,22,22,0,POR,0.6389092598318539,0.16927489135037083,0.46963436848148304
1629629_POR22_LAL23,1629629,C. Reddish,POR,LAL,22,23,0,LAL,-0.2342993697682679,-0.17083175066077108,-0.06346761910749682
1629631_ATL24_CLE24,1629631,D. Hunter,ATL,CLE,24,24,0,CLE,-0.1711062549116166,0.19953568999290902,-0.3706419449045256
1629637_NOP22_LAL23,1629637,J. Hayes,NOP,LAL,22,23,0,LAL,0.6594828176377151,-0.2680782781774679,0.927561095815183
1629638_UTA22_MIN22,1629638,N. Alexander-Walker,UTA,MIN,22,22,0,MIN,0.0757618678160296,0.20335705299234838,-0.1275951851763188
1629642_POR22_PHX23,1629642,N. Little,POR,PHX,22,23,0,PHX,-0.1952294087573403,-0.3326890061136122,0.1374595973562719
1629645_LAC24_MIL24,1629645,K. Porter Jr.,LAC,MIL,24,24,0,MIL,0.26739439928800485,-0.09052717582727088,0.3579215751152757
1629650_LAC22_POR23,1629650,M. Brown,LAC,POR,22,23,0,POR,-0.10347175447437704,-0.012711622978097314,-0.09076013149627972
1629655_WAS23_DAL23,1629655,D. Gafford,WAS,DAL,23,23,0,DAL,0.864710244143768,0.26272213016577134,0.6019881139779966
1629656_NYK23_DAL24,1629656,Q. Grimes,NYK,DAL,23,24,0,DAL,0.3192457028286291,0.15725292963768903,0.16199277319094005
1629656_DAL24_PHI24,1629656,Q. Grimes,DAL,PHI,24,24,0,PHI,0.3530354098221551,0.49760930996140607,-0.14457390013925098
1629659_UTA23_CHI24,1629659,T. Horton-Tucker,UTA,CHI,23,24,0,CHI,0.29613870251716595,0.06216344706593997,0.233975255451226
1629661_PHX22_BKN22,1629661,C. Johnson,PHX,BKN,22,22,0,BKN,0.4401181711819221,0.4729986767124802,-0.0328805055305581
1629667_CHA22_PHI22,1629667,J. McDaniels,CHA,PHI,22,22,0,PHI,0.3514130649424257,0.0032084130426687342,0.34820465189975697
1629667_PHI22_TOR23,1629667,J. McDaniels,PHI,TOR,22,23,0,TOR,-0.3628837759746993,-0.14159175824068307,-0.22129201773401622
1629669_MIN22_MEM23,1629669,J. Nowell,MIN,MEM,22,23,0,MEM,-0.17484051772868153,-0.020977194846062176,-0.15386332288261936
1629669_MEM23_NOP24,1629669,J. Nowell,MEM,NOP,23,24,0,NOP,0.13542959527077716,0.1715961435342638,-0.03616654826348664
1629670_MIL22_IND22,1629670,J. Nwora,MIL,IND,22,22,0,IND,0.4582815776076776,0.07440016318614659,0.383881414421531
1629670_IND23_TOR23,1629670,J. Nwora,IND,TOR,23,23,0,TOR,0.2409799801953144,0.14872527607038152,0.09225470412493289
1629673_GSW22_WAS23,1629673,J. Poole,GSW,WAS,22,23,0,WAS,0.4988660800677831,-0.14798505999386563,0.6468511400616488
1629680_PHI22_POR22,1629680,M. Thybulle,PHI,POR,22,22,0,POR,-0.6323578976976618,-0.3466581718359848,-0.285699725861677
1629684_BOS22_DAL23,1629684,G. Williams,BOS,DAL,22,23,0,DAL,0.1114260458131145,-0.1114474145000135,0.222873460313128
1629684_DAL23_CHA23,1629684,G. Williams,DAL,CHA,23,23,0,CHA,0.5817243372670938,0.4574936780419477,0.12423065922514615
1629726_HOU22_ATL23,1629726,G. Mathews,HOU,ATL,22,23,0,ATL,0.21505506583128284,-0.32274362577054705,0.5377986916018299
1629750_CHI23_NOP24,1629750,J. Green,CHI,NOP,23,24,0,NOP,0.29358294369647836,-0.2644214265097566,0.558004370206235
1629750_NOP24_CLE24,1629750,J. Green,NOP,CLE,24,24,0,CLE,0.08907060804385271,-0.2673761118259189,0.3564467198697716
1630164_GSW22_DET22,1630164,J. Wiseman,GSW,DET,22,22,0,DET,0.7561802334815096,0.38876609328578315,0.3674141401957265
1630166_WAS23_POR24,1630166,D. Avdija,WAS,POR,23,24,0,POR,0.16215771184232478,0.05883591126822232,0.10332180057410245
1630167_NYK22_IND23,1630167,O. Toppin,NYK,IND,22,23,0,IND,0.26585495013502436,0.32437036340155684,-0.05851541326653248
1630173_TOR23_NYK23,1630173,P. Achiuwa,TOR,NYK,23,23,0,NYK,-0.1462723597760746,-0.2107879353589952,0.06451557558292059
1630180_DET22_ATL22,1630180,S. Bey,DET,ATL,22,22,0,ATL,-0.6584855711394528,-0.1245988597489122,-0.5338867113905407
1630181_ORL22_DET22,1630181,R. Hampton,ORL,DET,22,22,0,DET,-0.07697921090365353,-0.18230776203644228,0.10532855113278874
1630182_DAL23_CHA24,1630182,J. Green,DAL,CHA,23,24,0,CHA,0.5966126451128223,0.37846469103754865,0.21814795407527365
1630188_IND23_CHI24,1630188,J. Smith,IND,CHI,23,24,0,CHI,0.3843859892974963,0.06765344908839013,0.31673254020910613
1630193_NYK23_TOR23,1630193,I. Quickley,NYK,TOR,23,23,0,TOR,0.0817333909459751,-0.035703688991372926,0.11743707993734803
1630194_PHI23_DET24,1630194,P. Reed,PHI,DET,23,24,0,DET,-0.32888770934858463,0.1093995602345739,-0.43828726958315856
1630197_OKC22_CHA23,1630197,A. Pokusevski,OKC,CHA,22,23,0,CHA,0.1528443218344356,0.3286007841232527,-0.1757564622888171
1630200_SAS24_CHI24,1630200,T. Jones,SAS,CHI,24,24,0,CHI,-0.02932291150937942,0.0661097153554709,-0.09543262686485032
1630201_TOR23_DET23,1630201,M. Flynn,TOR,DET,23,23,0,DET,0.7598861488216139,0.5042876739596369,0.25559847486197695
1630205_CLE22_MEM23,1630205,L. Stevens,CLE,MEM,22,23,0,MEM,0.08667652562733902,0.0856929050861619,0.0009836205411771215
1630208_CHA24_PHX24,1630208,N. Richards,CHA,PHX,24,24,0,PHX,0.04150261322645323,-0.268317051630432,0.3098196648568852
1630214_MEM23_BOS23,1630214,X. Tillman,MEM,BOS,23,23,0,BOS,-0.5986202997650539,-0.24766652879636103,-0.3509537709686929
1630215_WAS24_PHI24,1630215,J. Butler,WAS,PHI,24,24,0,PHI,0.7797127505717227,0.4050453828272307,0.37466736774449205
1630230_NOP23_DAL24,1630230,N. Marshall,NOP,DAL,23,24,0,DAL,0.09140206514282946,-0.12112587558028876,0.2125279407231182
1630231_HOU22_PHI23,1630231,K. Martin,HOU,PHI,22,23,0,PHI,0.13078865936832237,0.14849126657889458,-0.017702607210572208
1630231_PHI24_UTA24,1630231,K. Martin,PHI,UTA,24,24,0,UTA,-0.600208582761653,-0.6331770026531274,0.032968419891474365
1630322_OKC23_GSW24,1630322,L. Waters III,OKC,GSW,23,24,0,GSW,0.031423422989511986,0.09893730026065614,-0.06751387727114416
1630346_MIN22_NOP23,1630346,M. Ryan,MIN,NOP,22,23,0,NOP,-0.1841209734514585,-0.13002710755173558,-0.054093865899722926
1630526_OKC22_NOP23,1630526,J. Robinson-Earl,OKC,NOP,22,23,0,NOP,0.7578252859324603,0.04673153873846005,0.7110937471940003
1630527_LAC23_NOP24,1630527,B. Boston,LAC,NOP,23,24,0,NOP,0.22556534991199095,-0.05596976795123428,0.2815351178632252
1630533_MEM23_BKN24,1630533,Z. Williams,MEM,BKN,23,24,0,BKN,0.2193190082426739,-0.1168891202930649,0.3362081285357388
1630534_UTA23_TOR23,1630534,O. Agbaji,UTA,TOR,23,23,0,TOR,-0.0007344496715882782,0.14341589945868766,-0.14415034913027594
1630537_IND22_SAC23,1630537,C. Duarte,IND,SAC,22,23,0,SAC,-0.4789219466887228,-0.27092060839405874,-0.20800133829466405
1630538_DEN22_LAC22,1630538,B. Hyland,DEN,LAC,22,22,0,LAC,0.1397170735549513,-0.025192885541152142,0.16490995909610345
1630544_OKC22_CHA23,1630544,T. Mann,OKC,CHA,22,23,0,CHA,0.33095887148186603,0.02294990069762867,0.3080089707842374
1630556_SAC23_DAL24,1630556,K. Edwards,SAC,DAL,23,24,0,DAL,0.11390677908874117,0.06195046102203526,0.051956318066705906
1630558_SAC23_TOR24,1630558,D. Mitchell,SAC,TOR,23,24,0,TOR,0.47055141353275953,-0.40257278255491913,0.8731241960876787
1630558_TOR24_MIA24,1630558,D. Mitchell,TOR,MIA,24,24,0,MIA,-0.0724599165957974,-0.10174795418340962,0.029288037587612226
1630570_POR22_BKN23,1630570,T. Watford,POR,BKN,22,23,0,BKN,0.27431902900655714,-0.4080251365692681,0.6823441655758252
1630572_MIL22_SAS22,1630572,S. Mamukelashvili,MIL,SAS,22,22,0,SAS,0.45446360331599506,-0.0784130156992512,0.5328766190152463
1630581_OKC23_CHI24,1630581,J. Giddey,OKC,CHI,23,24,0,CHI,0.16921871908717723,0.23142647395980562,-0.06220775487262839
1630625_TOR22_BOS23,1630625,D. Banton,TOR,BOS,22,23,0,BOS,-0.316302124468368,0.005201161054577514,-0.3215032855229455
1630625_BOS23_POR23,1630625,D. Banton,BOS,POR,23,23,0,POR,-0.2794064188172235,-0.30575684559396893,0.026350426776745428
1630639_DAL23_TOR24,1630639,A. Lawson,DAL,TOR,23,24,0,TOR,0.5890865716924444,0.2132068164075264,0.375879755284918
1630647_OKC22_DET22,1630647,E. Omoruyi,OKC,DET,22,22,0,DET,0.3122213372779584,0.06735369589006193,0.2448676413878965
1630647_DET22_WAS23,1630647,E. Omoruyi,DET,WAS,22,23,0,WAS,-0.3932195657307783,0.07087981753442155,-0.46409938326519984
1630692_WAS22_PHX23,1630692,J. Goodwin,WAS,PHX,22,23,0,PHX,0.10798070384641274,0.15298101140717954,-0.0450003075607668
1630692_PHX23_MEM23,1630692,J. Goodwin,PHX,MEM,23,23,0,MEM,0.2508773263231868,0.2460167356846293,0.00486059063855751
1630692_MEM23_LAL24,1630692,J. Goodwin,MEM,LAL,23,24,0,LAL,-0.1104713479585233,0.16200098241587776,-0.27247233037440105
1630700_NOP23_ATL24,1630700,D. Daniels,NOP,ATL,23,24,0,ATL,0.1122157134450662,-0.21312512195353714,0.32534083539860337
1631108_LAL24_DAL24,1631108,M. Christie,LAL,DAL,24,24,0,DAL,-0.1860179552320617,-0.022632354066499143,-0.16338560116556256
1631111_DET24_CHA24,1631111,W. Moore Jr.,DET,CHA,24,24,0,CHA,0.14370124419447075,-0.4961251198345118,0.6398263640289825
1631115_MIA23_TOR24,1631115,O. Robinson,MIA,TOR,23,24,0,TOR,0.7146622493795798,-0.24340583842163577,0.9580680878012156
1631116_GSW22_WAS23,1631116,P. Baldwin Jr.,GSW,WAS,22,23,0,WAS,0.7971054975809954,0.03862071597573966,0.7584847816052557
1631197_DET23_TOR24,1631197,J. Rhoden,DET,TOR,23,24,0,TOR,-0.0299848761832889,-0.006564730416182866,-0.02342014576710603
1631221_DEN23_PHX24,1631221,C. Gillespie,DEN,PHX,23,24,0,PHX,-0.6448297177625868,-0.48505768186767007,-0.15977203589491673
1631222_MEM24_SAC24,1631222,J. LaRavia,MEM,SAC,24,24,0,SAC,-0.3235958158894597,-0.22750980992159323,-0.09608600596786646
1631223_MEM23_ATL24,1631223,D. Roddy,MEM,ATL,23,24,0,ATL,0.539974275775692,0.19049023687510613,0.3494840389005859
1631230_SAS23_ATL24,1631230,D. Barlow,SAS,ATL,23,24,0,ATL,0.23753725040105642,0.17527585325059725,0.06226139715045917
1631288_MIA23_NOP24,1631288,J. Cain,MIA,NOP,23,24,0,NOP,0.666072250073404,0.12890708418817273,0.5371651658852312
1631311_GSW23_NOP24,1631311,L. Quinones,GSW,NOP,23,24,0,NOP,-0.370373805928802,-0.15696747342003592,-0.21340633250876606
1631323_UTA23_DET23,1631323,S. Fontecchio,UTA,DET,23,23,0,DET,0.7410658026640667,0.5310374140191669,0.2100283886448998
1641732_SAC23_WAS24,1641732,C. Jones,SAC,WAS,23,24,0,WAS,0.10063874819074232,0.3594022860182991,-0.2587635378275568
1641787_DET23_BKN24,1641787,T. Evbuomwan,DET,BKN,23,24,0,BKN,0.18055380872236387,0.287909629289517,-0.10735582056715315
200768_MIA23_PHI23,200768,K. Lowry,MIA,PHI,23,23,0,PHI,0.47887972915110083,0.31546454962568654,0.1634151795254143
201142_BKN22_PHX22,201142,K. Durant,BKN,PHX,22,22,0,PHX,-0.5165676440030332,0.24547012990618847,-0.7620377739092217
201144_UTA22_MIN22,201144,M. Conley,UTA,MIN,22,22,0,MIN,0.0746799238094176,-0.15343485448222158,0.22811477829163918
201145_DEN22_HOU23,201145,J. Green,DEN,HOU,22,23,0,HOU,0.13244542394409042,0.008762265770749667,0.12368315817334076
201565_NYK22_MEM23,201565,D. Rose,NYK,MEM,22,23,0,MEM,-0.5812158190750079,-0.41240231577831876,-0.1688135032966891
201566_LAL22_LAC22,201566,R. Westbrook,LAL,LAC,22,22,0,LAC,-0.457112252679103,0.5944664335441754,-1.0515786862232783
201566_LAC23_DEN24,201566,R. Westbrook,LAC,DEN,23,24,0,DEN,0.3806544418926787,0.04112486349839123,0.3395295783942875
201567_CLE22_MIA22,201567,K. Love,CLE,MIA,22,22,0,MIA,0.08785765779082681,0.07947920465941531,0.0083784531314115
201569_HOU22_LAC22,201569,E. Gordon,HOU,LAC,22,22,0,LAC,0.32991870010557,0.15579970059873477,0.17411899950683524
201569_LAC22_PHX23,201569,E. Gordon,LAC,PHX,22,23,0,PHX,0.684496438624014,0.714879645324031,-0.03038320670001704
201569_PHX23_PHI24,201569,E. Gordon,PHX,PHI,23,24,0,PHI,0.3597981948260483,-0.24762441123330872,0.607422606059357
201580_DAL22_SAC23,201580,J. McGee,DAL,SAC,22,23,0,SAC,0.636299376674065,0.1523563221184685,0.4839430545555965
201587_LAC22_PHI23,201587,N. Batum,LAC,PHI,22,23,0,PHI,0.4536409140515851,0.37080138471797164,0.08283952933361344
201587_PHI23_LAC24,201587,N. Batum,PHI,LAC,23,24,0,LAC,0.5328927505961939,0.13134597651040666,0.4015467740857872
201935_PHI22_LAC23,201935,J. Harden,PHI,LAC,22,23,0,LAC,0.7266480131126295,0.26286775452765243,0.46378025858497707
201942_CHI23_SAC24,201942,D. DeRozan,CHI,SAC,23,24,0,SAC,0.6096741128087033,0.06329017268520312,0.5463839401235002
201950_MIL22_BOS23,201950,J. Holiday,MIL,BOS,22,23,0,BOS,-0.008383845701469793,-0.07512497004807835,0.06674112434660856
201976_LAL22_CHI22,201976,P. Beverley,LAL,CHI,22,22,0,CHI,0.03476469777681438,0.19663032644644032,-0.16186562866962595
201976_CHI22_PHI23,201976,P. Beverley,CHI,PHI,22,23,0,PHI,0.08805721052716423,0.006957430514128782,0.08109978001303544
201976_PHI23_MIL23,201976,P. Beverley,PHI,MIL,23,23,0,MIL,0.042599526249726204,0.10059895605861333,-0.05799942980888712
201988_BKN22_ATL23,201988,P. Mills,BKN,ATL,22,23,0,ATL,0.1699620526958251,0.43326103211377565,-0.26329897941795055
201988_ATL23_MIA23,201988,P. Mills,ATL,MIA,23,23,0,MIA,-0.11743686072347537,-0.16472323375980152,0.04728637303632616
201988_MIA23_UTA24,201988,P. Mills,MIA,UTA,23,24,0,UTA,0.45400493078925697,0.29309845198139306,0.1609064788078639
202083_MIL22_ATL23,202083,W. Matthews,MIL,ATL,22,23,0,ATL,-0.34170501305483536,-0.2518098088140847,-0.08989520424075065
202330_CHA23_OKC23,202330,G. Hayward,CHA,OKC,23,23,0,OKC,-0.06487053598637967,-0.010484102108365983,-0.05438643387801368
202331_LAC23_PHI24,202331,P. George,LAC,PHI,23,24,0,PHI,-0.15056142899246183,-0.26846834770706896,0.11790691871460712
202397_DEN22_CHA23,202397,I. Smith,DEN,CHA,22,23,0,CHA,-0.17049927024583594,-0.10058330497900106,-0.06991596526683488
202681_BKN22_DAL22,202681,K. Irving,BKN,DAL,22,22,0,DAL,-0.4290372132691304,0.01524018702368215,-0.44427740029281254
202685_NOP23_WAS24,202685,J. Valančiūnas,NOP,WAS,23,24,0,WAS,0.30382384590404954,-0.04264052677367135,0.3464643726777209
202685_WAS24_SAC24,202685,J. Valančiūnas,WAS,SAC,24,24,0,SAC,0.1339279029353307,0.10978034386962587,0.024147559065704816
202687_PHX22_MEM23,202687,B. Biyombo,PHX,MEM,22,23,0,MEM,-0.5462977924147169,-0.2652687211566748,-0.28102907125804205
202687_MEM23_SAS24,202687,B. Biyombo,MEM,SAS,23,24,0,SAS,0.6186941624464398,0.3562895486691156,0.2624046137773242
202691_GSW23_DAL24,202691,K. Thompson,GSW,DAL,23,24,0,DAL,0.15280876327035112,0.07260219330141747,0.08020656996893365
202692_DET23_NYK23,202692,A. Burks,DET,NYK,23,23,0,NYK,-0.012301352109351325,0.03458173379556771,-0.046883085904919033
202692_NYK23_MIA24,202692,A. Burks,NYK,MIA,23,24,0,MIA,-0.24941463603494,-0.15578786187148047,-0.09362677416345952
202693_BKN22_DAL23,202693,M. Morris,BKN,DAL,22,23,0,DAL,-0.13400695315916675,0.3586655274989494,-0.4926724806581162
202694_LAC22_PHI23,202694,M. Morris Sr.,LAC,PHI,22,23,0,PHI,-0.2592331769953596,0.11410250258588417,-0.37333567958124375
202694_PHI23_CLE23,202694,M. Morris Sr.,PHI,CLE,23,23,0,CLE,-0.026038394798451797,0.044888825162075874,-0.07092721996052767
202699_PHI23_DET24,202699,T. Harris,PHI,DET,23,24,0,DET,-0.328814694555549,0.19459454529260817,-0.5234092398481571
202704_LAC22_DEN22,202704,R. Jackson,LAC,DEN,22,22,0,DEN,-0.12315072835298954,0.07725330522216418,-0.20040403357515374
202704_DEN23_PHI24,202704,R. Jackson,DEN,PHI,23,24,0,PHI,-0.065311032276439,-0.11943419288395327,0.054123160607514265
202709_DET22_GSW23,202709,C. Joseph,DET,GSW,22,23,0,GSW,-0.8393966062078526,-0.1375149474838731,-0.7018816587239796
202709_GSW23_ORL24,202709,C. Joseph,GSW,ORL,23,24,0,ORL,0.5390981733193613,0.09046869336242024,0.448629479956941
202710_MIA24_GSW24,202710,J. Butler III,MIA,GSW,24,24,0,GSW,-0.4830928761283207,-0.156115895434941,-0.32697698069337966
202711_DET23_NYK23,202711,B. Bogdanović,DET,NYK,23,23,0,NYK,-0.5910036706337237,-0.1298298348109247,-0.461173835822799
202722_DAL22_CHA23,202722,D. Bertans,DAL,CHA,22,23,0,CHA,0.466732708969451,0.33263673257980386,0.13409597638964715
203076_LAL24_DAL24,203076,A. Davis,LAL,DAL,24,24,0,DAL,0.20588048656754174,-0.19955303457145912,0.4054335211390009
203078_WAS22_PHX23,203078,B. Beal,WAS,PHX,22,23,0,PHX,-0.20083756548564524,-0.030565065994396717,-0.17027249949124854
203081_POR22_MIL23,203081,D. Lillard,POR,MIL,22,23,0,MIL,0.36678814087986794,-0.14933983789370758,0.5161279787735755
203082_ORL22_PHX22,203082,T. Ross,ORL,PHX,22,22,0,PHX,0.15211142935283206,0.010089001361116262,0.1420224279917158
203083_CHI23_PHI24,203083,A. Drummond,CHI,PHI,23,24,0,PHI,-0.35733837689730574,-0.1855591061415855,-0.17177927075572025
203084_SAC23_SAS24,203084,H. Barnes,SAC,SAS,23,24,0,SAS,0.2652037424085019,0.05762826768228403,0.2075754747262179
203095_NYK22_DET23,203095,E. Fournier,NYK,DET,22,23,0,DET,-0.5308805122599679,-0.36912687000406275,-0.16175364225590516
203114_MIL24_WAS24,203114,K. Middleton,MIL,WAS,24,24,0,WAS,-0.4155946407249622,-0.1558244040003934,-0.2597702367245688
203115_WAS22_TOR22,203115,W. Barton,WAS,TOR,22,22,0,TOR,0.0844136765166522,0.32854123221132914,-0.24412755569467692
203200_ATL22_DAL22,203200,J. Holiday,ATL,DAL,22,22,0,DAL,-0.34769581432418045,-0.06277196041377597,-0.2849238539104045
203200_DAL22_DEN23,203200,J. Holiday,DAL,DEN,22,23,0,DEN,0.014535368319516148,-0.03839682891138306,0.05293219723089921
203471_LAL22_TOR23,203471,D. Schröder,LAL,TOR,22,23,0,TOR,0.6666812097436937,-0.05660084428613894,0.7232820540298327
203471_TOR23_BKN23,203471,D. Schröder,TOR,BKN,23,23,0,BKN,0.4831539369543931,0.5248903095311225,-0.04173637257672935
203471_BKN24_GSW24,203471,D. Schröder,BKN,GSW,24,24,0,GSW,-0.1525989702549386,-0.265598160516917,0.11299919026197838
203471_GSW24_DET24,203471,D. Schröder,GSW,DET,24,24,0,DET,0.14039909070858975,-0.021973121081407476,0.16237221178999722
203482_UTA23_TOR23,203482,K. Olynyk,UTA,TOR,23,23,0,TOR,0.26862545242455066,0.08816309481374254,0.18046235761080812
203482_TOR24_NOP24,203482,K. Olynyk,TOR,NOP,24,24,0,NOP,-0.17405263913258723,0.2924157075911321,-0.46646834672371934
203484_DEN23_ORL24,203484,K. Caldwell-Pope,DEN,ORL,23,24,0,ORL,-0.08186314497828173,0.02535992133531225,-0.10722306631359399
203486_CHA22_LAC22,203486,M. Plumlee,CHA,LAC,22,22,0,LAC,0.5623227529225161,0.27396540450707746,0.28835734841543864
203486_LAC23_PHX24,203486,M. Plumlee,LAC,PHX,23,24,0,PHX,0.09638839644477962,0.3156909627216672,-0.21930256627688757
203488_OKC22_BOS22,203488,M. Muscala,OKC,BOS,22,22,0,BOS,-0.4538252999650932,-0.1323008136162526,-0.32152448634884057
203488_BOS22_WAS23,203488,M. Muscala,BOS,WAS,22,23,0,WAS,-0.36683195041637495,-0.3685183916697142,0.0016864412533392215
203493_DAL22_HOU23,203493,R. Bullock Jr.,DAL,HOU,22,23,0,HOU,-0.16609072628731872,-0.06284670233583767,-0.10324402395148105
203496_LAC22_PHI23,203496,R. Covington,LAC,PHI,22,23,0,PHI,0.12806800380556385,0.12496104770230473,0.0031069561032591175
203501_DAL23_DET24,203501,T. Hardaway Jr.,DAL,DET,23,24,0,DET,0.10502608067850179,-0.031115935987496023,0.13614201666599782
203552_BKN22_DAL23,203552,S. Curry,BKN,DAL,22,23,0,DAL,0.7974883951509631,-0.10790351091336783,0.905391906064331
203552_DAL23_CHA23,203552,S. Curry,DAL,CHA,23,23,0,CHA,0.4708420095952453,0.7501626433696613,-0.279320633774416
203897_CHI24_SAC24,203897,Z. LaVine,CHI,SAC,24,24,0,SAC,-0.41776705185549357,-0.140138896677046,-0.2776281551784476
203915_DAL22_BKN22,203915,S. Dinwiddie,DAL,BKN,22,22,0,BKN,0.572416851181966,0.04185851075537872,0.5305583404265872
203915_BKN23_LAL23,203915,S. Dinwiddie,BKN,LAL,23,23,0,LAL,-0.3715953674942018,-0.03979587631497204,-0.33179949117922974
203915_LAL23_DAL24,203915,S. Dinwiddie,LAL,DAL,23,24,0,DAL,-0.3359130000574572,-0.39794166015178023,0.06202866009432301
203926_SAS23_IND23,203926,D. McDermott,SAS,IND,23,23,0,IND,0.014848952123192507,-0.13803209875160743,0.15288105087479995
203926_IND23_SAC24,203926,D. McDermott,IND,SAC,23,24,0,SAC,0.008264855026393946,0.014251275811849892,-0.005986420785455946
203933_BKN22_PHX22,203933,T. Warren,BKN,PHX,22,22,0,PHX,-0.11260351915880286,-0.13059987366813738,0.017996354509334525
203935_BOS22_MEM23,203935,M. Smart,BOS,MEM,22,23,0,MEM,0.30935567799240343,0.05203827476568448,0.257317403226719
203935_MEM24_WAS24,203935,M. Smart,MEM,WAS,24,24,0,WAS,0.9491849083398018,0.41122162489228986,0.537963283447512
203937_MIN23_GSW24,203937,K. Anderson,MIN,GSW,23,24,0,GSW,-0.08870935539536982,-0.3976425689305689,0.30893321353519904
203937_GSW24_MIA24,203937,K. Anderson,GSW,MIA,24,24,0,MIA,-0.07903135050466896,-0.057410666791477404,-0.021620683713191556
203944_NYK23_MIN24,203944,J. Randle,NYK,MIN,23,24,0,MIN,-0.12797705859107847,-0.023325225859135112,-0.10465183273194335
203952_GSW24_MIA24,203952,A. Wiggins,GSW,MIA,24,24,0,MIA,0.11377348565349685,0.1023106469276219,0.011462838725874946
203967_PHX22_OKC22,203967,D. Šarić,PHX,OKC,22,22,0,OKC,-0.0011127397438958286,0.0462488158979749,-0.04736155564187073
203967_OKC22_GSW23,203967,D. Šarić,OKC,GSW,22,23,0,GSW,-0.24976415052415457,-0.08999647044815019,-0.1597676800760044
203967_GSW23_DEN24,203967,D. Šarić,GSW,DEN,23,24,0,DEN,-0.1845143923600511,0.23392443995295356,-0.41843883231300466
203992_ATL24_LAC24,203992,B. Bogdanović,ATL,LAC,24,24,0,LAC,-0.2027102558048983,0.08760443255685565,-0.29031468836175395
203994_POR22_PHX23,203994,J. Nurkić,POR,PHX,22,23,0,PHX,0.4707349420888398,0.076534156198832,0.39420078589000784
203994_PHX24_CHA24,203994,J. Nurkić,PHX,CHA,24,24,0,CHA,0.3534791071282807,0.36433909678010024,-0.010859989651819557
203995_OKC23_CHA23,203995,V. Micić,OKC,CHA,23,23,0,CHA,-0.10396793363616338,-0.23646793708548658,0.1325000034493232
204001_WAS22_BOS23,204001,K. Porziņģis,WAS,BOS,22,23,0,BOS,0.7773906222086137,0.08004891268358413,0.6973417095250295
204060_MIL22_ORL23,204060,J. Ingles,MIL,ORL,22,23,0,ORL,-0.24865892133606488,-0.18066473013451362,-0.06799419120155126
